scene,method,t,x,y
0,A,0.0000,1.5000,7.0000
0,A,0.0134,1.5000,7.0000
0,A,0.0267,1.5000,7.0000
0,A,0.0401,1.5001,7.0000
0,A,0.0534,1.5002,7.0001
0,A,0.0668,1.5004,7.0002
0,A,0.0801,1.5008,7.0004
0,A,0.0935,1.5012,7.0006
0,A,0.1069,1.5018,7.0009
0,A,0.1202,1.5025,7.0012
0,A,0.1336,1.5034,7.0017
0,A,0.1469,1.5045,7.0022
0,A,0.1603,1.5058,7.0029
0,A,0.1736,1.5073,7.0036
0,A,0.1870,1.5090,7.0045
0,A,0.2003,1.5110,7.0055
0,A,0.2137,1.5133,7.0066
0,A,0.2271,1.5158,7.0079
0,A,0.2404,1.5186,7.0093
0,A,0.2538,1.5217,7.0109
0,A,0.2671,1.5251,7.0126
0,A,0.2805,1.5289,7.0145
0,A,0.2938,1.5330,7.0165
0,A,0.3072,1.5374,7.0187
0,A,0.3206,1.5421,7.0211
0,A,0.3339,1.5473,7.0237
0,A,0.3473,1.5528,7.0265
0,A,0.3606,1.5586,7.0294
0,A,0.3740,1.5649,7.0326
0,A,0.3873,1.5715,7.0359
0,A,0.4007,1.5786,7.0394
0,A,0.4140,1.5860,7.0432
0,A,0.4274,1.5939,7.0471
0,A,0.4408,1.6021,7.0513
0,A,0.4541,1.6108,7.0557
0,A,0.4675,1.6199,7.0602
0,A,0.4808,1.6295,7.0650
0,A,0.4942,1.6395,7.0700
0,A,0.5075,1.6499,7.0753
0,A,0.5209,1.6607,7.0807
0,A,0.5343,1.6721,7.0864
0,A,0.5476,1.6838,7.0923
0,A,0.5610,1.6960,7.0984
0,A,0.5743,1.7087,7.1048
0,A,0.5877,1.7218,7.1113
0,A,0.6010,1.7353,7.1181
0,A,0.6144,1.7493,7.1251
0,A,0.6277,1.7638,7.1324
0,A,0.6411,1.7787,7.1399
0,A,0.6545,1.7941,7.1475
0,A,0.6678,1.8100,7.1554
0,A,0.6812,1.8263,7.1636
0,A,0.6945,1.8430,7.1719
0,A,0.7079,1.8602,7.1805
0,A,0.7212,1.8779,7.1893
0,A,0.7346,1.8960,7.1983
0,A,0.7480,1.9146,7.2075
0,A,0.7613,1.9336,7.2169
0,A,0.7747,1.9530,7.2265
0,A,0.7880,1.9729,7.2364
0,A,0.8014,1.9933,7.2464
0,A,0.8147,2.0141,7.2567
0,A,0.8281,2.0353,7.2671
0,A,0.8415,2.0570,7.2777
0,A,0.8548,2.0790,7.2886
0,A,0.8682,2.1015,7.2996
0,A,0.8815,2.1245,7.3108
0,A,0.8949,2.1478,7.3222
0,A,0.9082,2.1716,7.3338
0,A,0.9216,2.1958,7.3455
0,A,0.9349,2.2203,7.3574
0,A,0.9483,2.2453,7.3695
0,A,0.9617,2.2707,7.3817
0,A,0.9750,2.2964,7.3941
0,A,0.9884,2.3226,7.4066
0,A,1.0017,2.3491,7.4193
0,A,1.0151,2.3760,7.4322
0,A,1.0284,2.4033,7.4451
0,A,1.0418,2.4309,7.4582
0,A,1.0552,2.4589,7.4715
0,A,1.0685,2.4873,7.4848
0,A,1.0819,2.5159,7.4983
0,A,1.0952,2.5450,7.5119
0,A,1.1086,2.5743,7.5256
0,A,1.1219,2.6040,7.5394
0,A,1.1353,2.6341,7.5532
0,A,1.1486,2.6644,7.5672
0,A,1.1620,2.6950,7.5813
0,A,1.1754,2.7260,7.5954
0,A,1.1887,2.7572,7.6096
0,A,1.2021,2.7888,7.6238
0,A,1.2154,2.8206,7.6381
0,A,1.2288,2.8527,7.6525
0,A,1.2421,2.8850,7.6669
0,A,1.2555,2.9177,7.6813
0,A,1.2689,2.9506,7.6958
0,A,1.2822,2.9837,7.7103
0,A,1.2956,3.0171,7.7248
0,A,1.3089,3.0507,7.7394
0,A,1.3223,3.0846,7.7539
0,A,1.3356,3.1187,7.7684
0,A,1.3490,3.1530,7.7829
0,A,1.3623,3.1875,7.7974
0,A,1.3757,3.2222,7.8119
0,A,1.3891,3.2571,7.8264
0,A,1.4024,3.2922,7.8408
0,A,1.4158,3.3276,7.8551
0,A,1.4291,3.3630,7.8695
0,A,1.4425,3.3987,7.8837
0,A,1.4558,3.4346,7.8979
0,A,1.4692,3.4706,7.9121
0,A,1.4826,3.5067,7.9261
0,A,1.4959,3.5431,7.9401
0,A,1.5093,3.5795,7.9540
0,A,1.5226,3.6161,7.9678
0,A,1.5360,3.6529,7.9815
0,A,1.5493,3.6898,7.9951
0,A,1.5627,3.7268,8.0086
0,A,1.5761,3.7640,8.0220
0,A,1.5894,3.8012,8.0353
0,A,1.6028,3.8386,8.0484
0,A,1.6161,3.8761,8.0614
0,A,1.6295,3.9137,8.0743
0,A,1.6428,3.9514,8.0870
0,A,1.6562,3.9892,8.0996
0,A,1.6695,4.0272,8.1120
0,A,1.6829,4.0652,8.1243
0,A,1.6963,4.1033,8.1364
0,A,1.7096,4.1414,8.1483
0,A,1.7230,4.1797,8.1601
0,A,1.7363,4.2181,8.1717
0,A,1.7497,4.2565,8.1831
0,A,1.7630,4.2950,8.1944
0,A,1.7764,4.3336,8.2054
0,A,1.7898,4.3722,8.2163
0,A,1.8031,4.4109,8.2270
0,A,1.8165,4.4497,8.2375
0,A,1.8298,4.4885,8.2478
0,A,1.8432,4.5275,8.2579
0,A,1.8565,4.5664,8.2678
0,A,1.8699,4.6054,8.2775
0,A,1.8832,4.6445,8.2870
0,A,1.8966,4.6836,8.2962
0,A,1.9100,4.7228,8.3053
0,A,1.9233,4.7620,8.3142
0,A,1.9367,4.8013,8.3228
0,A,1.9500,4.8406,8.3313
0,A,1.9634,4.8799,8.3395
0,A,1.9767,4.9193,8.3476
0,A,1.9901,4.9587,8.3554
0,A,2.0035,4.9982,8.3630
0,A,2.0168,5.0377,8.3704
0,A,2.0302,5.0772,8.3776
0,A,2.0435,5.1168,8.3845
0,A,2.0569,5.1564,8.3913
0,A,2.0702,5.1961,8.3979
0,A,2.0836,5.2357,8.4042
0,A,2.0969,5.2754,8.4104
0,A,2.1103,5.3151,8.4164
0,A,2.1237,5.3549,8.4221
0,A,2.1370,5.3946,8.4277
0,A,2.1504,5.4344,8.4330
0,A,2.1637,5.4743,8.4382
0,A,2.1771,5.5141,8.4432
0,A,2.1904,5.5540,8.4480
0,A,2.2038,5.5938,8.4526
0,A,2.2172,5.6337,8.4570
0,A,2.2305,5.6737,8.4612
0,A,2.2439,5.7136,8.4653
0,A,2.2572,5.7535,8.4692
0,A,2.2706,5.7935,8.4729
0,A,2.2839,5.8335,8.4764
0,A,2.2973,5.8735,8.4798
0,A,2.3107,5.9135,8.4830
0,A,2.3240,5.9535,8.4861
0,A,2.3374,5.9936,8.4890
0,A,2.3507,6.0336,8.4917
0,A,2.3641,6.0737,8.4943
0,A,2.3774,6.1137,8.4967
0,A,2.3908,6.1538,8.4991
0,A,2.4041,6.1939,8.5012
0,A,2.4175,6.2340,8.5032
0,A,2.4309,6.2741,8.5051
0,A,2.4442,6.3142,8.5069
0,A,2.4576,6.3543,8.5085
0,A,2.4709,6.3945,8.5100
0,A,2.4843,6.4346,8.5114
0,A,2.4976,6.4747,8.5126
0,A,2.5110,6.5149,8.5138
0,A,2.5244,6.5550,8.5148
0,A,2.5377,6.5952,8.5157
0,A,2.5511,6.6353,8.5165
0,A,2.5644,6.6755,8.5173
0,A,2.5778,6.7156,8.5179
0,A,2.5911,6.7558,8.5184
0,A,2.6045,6.7960,8.5188
0,A,2.6178,6.8361,8.5191
0,A,2.6312,6.8763,8.5194
0,A,2.6446,6.9165,8.5195
0,A,2.6579,6.9566,8.5196
0,A,2.6713,6.9968,8.5196
0,A,2.6846,7.0370,8.5195
0,A,2.6980,7.0771,8.5194
0,A,2.7113,7.1173,8.5192
0,A,2.7247,7.1575,8.5189
0,A,2.7381,7.1976,8.5185
0,A,2.7514,7.2378,8.5181
0,A,2.7648,7.2780,8.5177
0,A,2.7781,7.3181,8.5172
0,A,2.7915,7.3583,8.5166
0,A,2.8048,7.3985,8.5160
0,A,2.8182,7.4386,8.5154
0,A,2.8316,7.4788,8.5147
0,A,2.8449,7.5189,8.5139
0,A,2.8583,7.5591,8.5132
0,A,2.8716,7.5992,8.5124
0,A,2.8850,7.6394,8.5116
0,A,2.8983,7.6795,8.5107
0,A,2.9117,7.7197,8.5099
0,A,2.9250,7.7598,8.5090
0,A,2.9384,7.8000,8.5081
0,A,2.9518,7.8401,8.5072
0,A,2.9651,7.8803,8.5063
0,A,2.9785,7.9204,8.5054
0,A,2.9918,7.9606,8.5045
0,A,3.0052,8.0007,8.5035
0,A,3.0185,8.0409,8.5026
0,A,3.0319,8.0810,8.5017
0,A,3.0453,8.1212,8.5008
0,A,3.0586,8.1613,8.4999
0,A,3.0720,8.2015,8.4990
0,A,3.0853,8.2416,8.4982
0,A,3.0987,8.2818,8.4973
0,A,3.1120,8.3219,8.4965
0,A,3.1254,8.3621,8.4957
0,A,3.1387,8.4022,8.4950
0,A,3.1521,8.4424,8.4942
0,A,3.1655,8.4825,8.4935
0,A,3.1788,8.5227,8.4929
0,A,3.1922,8.5628,8.4922
0,A,3.2055,8.6030,8.4916
0,A,3.2189,8.6432,8.4911
0,A,3.2322,8.6833,8.4906
0,A,3.2456,8.7235,8.4901
0,A,3.2590,8.7636,8.4897
0,A,3.2723,8.8038,8.4893
0,A,3.2857,8.8439,8.4890
0,A,3.2990,8.8841,8.4888
0,A,3.3124,8.9243,8.4886
0,A,3.3257,8.9644,8.4884
0,A,3.3391,9.0046,8.4883
0,A,3.3524,9.0447,8.4883
0,A,3.3658,9.0849,8.4883
0,A,3.3792,9.1250,8.4884
0,A,3.3925,9.1652,8.4885
0,A,3.4059,9.2054,8.4888
0,A,3.4192,9.2455,8.4890
0,A,3.4326,9.2857,8.4894
0,A,3.4459,9.3258,8.4898
0,A,3.4593,9.3660,8.4903
0,A,3.4727,9.4061,8.4909
0,A,3.4860,9.4462,8.4915
0,A,3.4994,9.4864,8.4922
0,A,3.5127,9.5265,8.4929
0,A,3.5261,9.5667,8.4938
0,A,3.5394,9.6068,8.4947
0,A,3.5528,9.6469,8.4957
0,A,3.5662,9.6870,8.4967
0,A,3.5795,9.7272,8.4979
0,A,3.5929,9.7673,8.4991
0,A,3.6062,9.8074,8.5003
0,A,3.6196,9.8475,8.5017
0,A,3.6329,9.8876,8.5031
0,A,3.6463,9.9277,8.5046
0,A,3.6596,9.9678,8.5061
0,A,3.6730,10.0079,8.5078
0,A,3.6864,10.0480,8.5094
0,A,3.6997,10.0881,8.5112
0,A,3.7131,10.1282,8.5130
0,A,3.7264,10.1683,8.5149
0,A,3.7398,10.2084,8.5169
0,A,3.7531,10.2485,8.5189
0,A,3.7665,10.2886,8.5210
0,A,3.7799,10.3286,8.5232
0,A,3.7932,10.3687,8.5254
0,A,3.8066,10.4088,8.5277
0,A,3.8199,10.4489,8.5300
0,A,3.8333,10.4889,8.5324
0,A,3.8466,10.5290,8.5348
0,A,3.8600,10.5691,8.5373
0,A,3.8733,10.6091,8.5399
0,A,3.8867,10.6492,8.5425
0,A,3.9001,10.6892,8.5451
0,A,3.9134,10.7293,8.5478
0,A,3.9268,10.7693,8.5506
0,A,3.9401,10.8094,8.5533
0,A,3.9535,10.8494,8.5561
0,A,3.9668,10.8895,8.5590
0,A,3.9802,10.9295,8.5619
0,A,3.9936,10.9696,8.5648
0,A,4.0069,11.0096,8.5677
0,A,4.0203,11.0497,8.5707
0,A,4.0336,11.0897,8.5737
0,A,4.0470,11.1297,8.5767
0,A,4.0603,11.1698,8.5798
0,A,4.0737,11.2098,8.5828
0,A,4.0870,11.2499,8.5859
0,A,4.1004,11.2899,8.5890
0,A,4.1138,11.3300,8.5921
0,A,4.1271,11.3700,8.5952
0,A,4.1405,11.4100,8.5982
0,A,4.1538,11.4501,8.6013
0,A,4.1672,11.4901,8.6044
0,A,4.1805,11.5302,8.6075
0,A,4.1939,11.5702,8.6106
0,A,4.2073,11.6103,8.6136
0,A,4.2206,11.6503,8.6167
0,A,4.2340,11.6904,8.6197
0,A,4.2473,11.7305,8.6227
0,A,4.2607,11.7705,8.6257
0,A,4.2740,11.8106,8.6286
0,A,4.2874,11.8506,8.6315
0,A,4.3008,11.8907,8.6344
0,A,4.3141,11.9308,8.6372
0,A,4.3275,11.9708,8.6400
0,A,4.3408,12.0109,8.6427
0,A,4.3542,12.0510,8.6454
0,A,4.3675,12.0911,8.6481
0,A,4.3809,12.1312,8.6507
0,A,4.3942,12.1713,8.6532
0,A,4.4076,12.2113,8.6556
0,A,4.4210,12.2514,8.6580
0,A,4.4343,12.2915,8.6603
0,A,4.4477,12.3316,8.6626
0,A,4.4610,12.3717,8.6647
0,A,4.4744,12.4118,8.6668
0,A,4.4877,12.4519,8.6688
0,A,4.5011,12.4920,8.6707
0,A,4.5145,12.5322,8.6726
0,A,4.5278,12.5723,8.6743
0,A,4.5412,12.6124,8.6759
0,A,4.5545,12.6525,8.6774
0,A,4.5679,12.6926,8.6789
0,A,4.5812,12.7328,8.6802
0,A,4.5946,12.7729,8.6814
0,A,4.6079,12.8130,8.6825
0,A,4.6213,12.8531,8.6834
0,A,4.6347,12.8933,8.6843
0,A,4.6480,12.9334,8.6850
0,A,4.6614,12.9735,8.6856
0,A,4.6747,13.0137,8.6861
0,A,4.6881,13.0538,8.6864
0,A,4.7014,13.0939,8.6866
0,A,4.7148,13.1341,8.6866
0,A,4.7282,13.1742,8.6866
0,A,4.7415,13.2143,8.6863
0,A,4.7549,13.2544,8.6860
0,A,4.7682,13.2946,8.6854
0,A,4.7816,13.3347,8.6848
0,A,4.7949,13.3748,8.6839
0,A,4.8083,13.4149,8.6829
0,A,4.8216,13.4550,8.6818
0,A,4.8350,13.4951,8.6805
0,A,4.8484,13.5352,8.6790
0,A,4.8617,13.5753,8.6774
0,A,4.8751,13.6154,8.6756
0,A,4.8884,13.6554,8.6736
0,A,4.9018,13.6955,8.6715
0,A,4.9151,13.7355,8.6692
0,A,4.9285,13.7756,8.6667
0,A,4.9419,13.8156,8.6640
0,A,4.9552,13.8556,8.6612
0,A,4.9686,13.8956,8.6582
0,A,4.9819,13.9356,8.6550
0,A,4.9953,13.9756,8.6516
0,A,5.0086,14.0156,8.6481
0,A,5.0220,14.0555,8.6443
0,A,5.0354,14.0955,8.6404
0,A,5.0487,14.1354,8.6363
0,A,5.0621,14.1753,8.6320
0,A,5.0754,14.2152,8.6276
0,A,5.0888,14.2551,8.6230
0,A,5.1021,14.2949,8.6181
0,A,5.1155,14.3347,8.6131
0,A,5.1288,14.3745,8.6080
0,A,5.1422,14.4143,8.6026
0,A,5.1556,14.4541,8.5971
0,A,5.1689,14.4938,8.5913
0,A,5.1823,14.5335,8.5855
0,A,5.1956,14.5732,8.5794
0,A,5.2090,14.6129,8.5732
0,A,5.2223,14.6525,8.5668
0,A,5.2357,14.6922,8.5602
0,A,5.2491,14.7318,8.5534
0,A,5.2624,14.7713,8.5465
0,A,5.2758,14.8109,8.5395
0,A,5.2891,14.8504,8.5322
0,A,5.3025,14.8899,8.5249
0,A,5.3158,14.9293,8.5173
0,A,5.3292,14.9687,8.5096
0,A,5.3425,15.0081,8.5018
0,A,5.3559,15.0475,8.4938
0,A,5.3693,15.0868,8.4856
0,A,5.3826,15.1261,8.4774
0,A,5.3960,15.1654,8.4689
0,A,5.4093,15.2047,8.4604
0,A,5.4227,15.2439,8.4517
0,A,5.4360,15.2831,8.4429
0,A,5.4494,15.3222,8.4340
0,A,5.4628,15.3614,8.4249
0,A,5.4761,15.4005,8.4157
0,A,5.4895,15.4395,8.4064
0,A,5.5028,15.4786,8.3970
0,A,5.5162,15.5176,8.3875
0,A,5.5295,15.5566,8.3779
0,A,5.5429,15.5955,8.3682
0,A,5.5562,15.6345,8.3583
0,A,5.5696,15.6734,8.3484
0,A,5.5830,15.7122,8.3384
0,A,5.5963,15.7511,8.3283
0,A,5.6097,15.7899,8.3181
0,A,5.6230,15.8287,8.3079
0,A,5.6364,15.8675,8.2975
0,A,5.6497,15.9063,8.2871
0,A,5.6631,15.9450,8.2766
0,A,5.6765,15.9838,8.2660
0,A,5.6898,16.0225,8.2554
0,A,5.7032,16.0612,8.2447
0,A,5.7165,16.0999,8.2339
0,A,5.7299,16.1385,8.2231
0,A,5.7432,16.1772,8.2122
0,A,5.7566,16.2158,8.2013
0,A,5.7700,16.2545,8.1904
0,A,5.7833,16.2931,8.1793
0,A,5.7967,16.3317,8.1683
0,A,5.8100,16.3703,8.1572
0,A,5.8234,16.4089,8.1460
0,A,5.8367,16.4475,8.1349
0,A,5.8501,16.4861,8.1237
0,A,5.8634,16.5247,8.1124
0,A,5.8768,16.5633,8.1012
0,A,5.8902,16.6019,8.0899
0,A,5.9035,16.6405,8.0786
0,A,5.9169,16.6791,8.0673
0,A,5.9302,16.7177,8.0559
0,A,5.9436,16.7563,8.0446
0,A,5.9569,16.7949,8.0332
0,A,5.9703,16.8335,8.0218
0,A,5.9837,16.8721,8.0104
0,A,5.9970,16.9107,7.9990
0,A,6.0104,16.9493,7.9876
0,A,6.0237,16.9879,7.9762
0,A,6.0371,17.0265,7.9648
0,A,6.0504,17.0651,7.9534
0,A,6.0638,17.1037,7.9420
0,A,6.0771,17.1423,7.9307
0,A,6.0905,17.1809,7.9193
0,A,6.1039,17.2195,7.9079
0,A,6.1172,17.2581,7.8965
0,A,6.1306,17.2967,7.8852
0,A,6.1439,17.3352,7.8738
0,A,6.1573,17.3738,7.8625
0,A,6.1706,17.4124,7.8512
0,A,6.1840,17.4509,7.8399
0,A,6.1974,17.4894,7.8286
0,A,6.2107,17.5280,7.8173
0,A,6.2241,17.5664,7.8061
0,A,6.2374,17.6049,7.7949
0,A,6.2508,17.6434,7.7837
0,A,6.2641,17.6818,7.7725
0,A,6.2775,17.7202,7.7614
0,A,6.2908,17.7585,7.7503
0,A,6.3042,17.7968,7.7392
0,A,6.3176,17.8351,7.7281
0,A,6.3309,17.8733,7.7171
0,A,6.3443,17.9115,7.7061
0,A,6.3576,17.9496,7.6952
0,A,6.3710,17.9876,7.6842
0,A,6.3843,18.0256,7.6734
0,A,6.3977,18.0636,7.6625
0,A,6.4111,18.1014,7.6517
0,A,6.4244,18.1392,7.6409
0,A,6.4378,18.1769,7.6302
0,A,6.4511,18.2145,7.6195
0,A,6.4645,18.2521,7.6089
0,A,6.4778,18.2895,7.5983
0,A,6.4912,18.3268,7.5877
0,A,6.5046,18.3640,7.5772
0,A,6.5179,18.4011,7.5667
0,A,6.5313,18.4381,7.5563
0,A,6.5446,18.4750,7.5460
0,A,6.5580,18.5117,7.5357
0,A,6.5713,18.5483,7.5254
0,A,6.5847,18.5847,7.5152
0,A,6.5980,18.6209,7.5051
0,A,6.6114,18.6571,7.4950
0,A,6.6248,18.6930,7.4850
0,A,6.6381,18.7288,7.4751
0,A,6.6515,18.7643,7.4652
0,A,6.6648,18.7997,7.4554
0,A,6.6782,18.8349,7.4457
0,A,6.6915,18.8699,7.4360
0,A,6.7049,18.9046,7.4264
0,A,6.7183,18.9392,7.4168
0,A,6.7316,18.9735,7.4074
0,A,6.7450,19.0076,7.3980
0,A,6.7583,19.0414,7.3887
0,A,6.7717,19.0750,7.3795
0,A,6.7850,19.1083,7.3704
0,A,6.7984,19.1414,7.3613
0,A,6.8117,19.1741,7.3524
0,A,6.8251,19.2066,7.3435
0,A,6.8385,19.2388,7.3347
0,A,6.8518,19.2707,7.3260
0,A,6.8652,19.3023,7.3174
0,A,6.8785,19.3336,7.3089
0,A,6.8919,19.3645,7.3005
0,A,6.9052,19.3952,7.2921
0,A,6.9186,19.4255,7.2839
0,A,6.9320,19.4554,7.2758
0,A,6.9453,19.4850,7.2678
0,A,6.9587,19.5143,7.2599
0,A,6.9720,19.5432,7.2521
0,A,6.9854,19.5717,7.2444
0,A,6.9987,19.5998,7.2368
0,A,7.0121,19.6276,7.2293
0,A,7.0254,19.6549,7.2219
0,A,7.0388,19.6819,7.2147
0,A,7.0522,19.7085,7.2075
0,A,7.0655,19.7347,7.2005
0,A,7.0789,19.7604,7.1936
0,A,7.0922,19.7858,7.1868
0,A,7.1056,19.8107,7.1801
0,A,7.1189,19.8352,7.1736
0,A,7.1323,19.8592,7.1671
0,A,7.1457,19.8829,7.1608
0,A,7.1590,19.9061,7.1546
0,A,7.1724,19.9288,7.1485
0,A,7.1857,19.9511,7.1426
0,A,7.1991,19.9730,7.1368
0,A,7.2124,19.9944,7.1311
0,A,7.2258,20.0153,7.1255
0,A,7.2392,20.0358,7.1201
0,A,7.2525,20.0558,7.1148
0,A,7.2659,20.0754,7.1096
0,A,7.2792,20.0945,7.1046
0,A,7.2926,20.1131,7.0996
0,A,7.3059,20.1313,7.0949
0,A,7.3193,20.1489,7.0902
0,A,7.3326,20.1661,7.0857
0,A,7.3460,20.1829,7.0813
0,A,7.3594,20.1992,7.0770
0,A,7.3727,20.2149,7.0729
0,A,7.3861,20.2303,7.0689
0,A,7.3994,20.2451,7.0650
0,A,7.4128,20.2595,7.0612
0,A,7.4261,20.2734,7.0576
0,A,7.4395,20.2868,7.0541
0,A,7.4529,20.2998,7.0507
0,A,7.4662,20.3123,7.0475
0,A,7.4796,20.3243,7.0444
0,A,7.4929,20.3359,7.0414
0,A,7.5063,20.3470,7.0385
0,A,7.5196,20.3577,7.0358
0,A,7.5330,20.3679,7.0332
0,A,7.5463,20.3776,7.0307
0,A,7.5597,20.3870,7.0283
0,A,7.5731,20.3959,7.0260
0,A,7.5864,20.4043,7.0239
0,A,7.5998,20.4123,7.0218
0,A,7.6131,20.4199,7.0199
0,A,7.6265,20.4271,7.0181
0,A,7.6398,20.4339,7.0164
0,A,7.6532,20.4403,7.0148
0,A,7.6666,20.4463,7.0133
0,A,7.6799,20.4519,7.0119
0,A,7.6933,20.4571,7.0105
0,A,7.7066,20.4620,7.0093
0,A,7.7200,20.4665,7.0082
0,A,7.7333,20.4706,7.0072
0,A,7.7467,20.4744,7.0062
0,A,7.7600,20.4779,7.0054
0,A,7.7734,20.4811,7.0046
0,A,7.7868,20.4839,7.0039
0,A,7.8001,20.4865,7.0033
0,A,7.8135,20.4888,7.0027
0,A,7.8268,20.4908,7.0022
0,A,7.8402,20.4926,7.0018
0,A,7.8535,20.4941,7.0014
0,A,7.8669,20.4955,7.0011
0,A,7.8803,20.4966,7.0008
0,A,7.8936,20.4975,7.0006
0,A,7.9070,20.4982,7.0004
0,A,7.9203,20.4988,7.0003
0,A,7.9337,20.4992,7.0002
0,A,7.9470,20.4996,7.0001
0,A,7.9604,20.4998,7.0001
0,A,7.9738,20.4999,7.0000
0,A,7.9871,20.5000,7.0000
0,A,8.0005,20.5000,7.0000
0,A,8.0138,20.5000,7.0000
0,B,0.0000,1.5000,7.0000
0,B,0.0134,1.5000,7.0000
0,B,0.0267,1.5000,7.0000
0,B,0.0401,1.5001,7.0001
0,B,0.0534,1.5003,7.0002
0,B,0.0668,1.5007,7.0003
0,B,0.0801,1.5012,7.0006
0,B,0.0935,1.5018,7.0009
0,B,0.1069,1.5027,7.0014
0,B,0.1202,1.5039,7.0020
0,B,0.1336,1.5054,7.0027
0,B,0.1469,1.5071,7.0036
0,B,0.1603,1.5093,7.0047
0,B,0.1736,1.5117,7.0059
0,B,0.1870,1.5146,7.0074
0,B,0.2003,1.5180,7.0091
0,B,0.2137,1.5218,7.0110
0,B,0.2271,1.5261,7.0132
0,B,0.2404,1.5309,7.0156
0,B,0.2538,1.5362,7.0183
0,B,0.2671,1.5421,7.0213
0,B,0.2805,1.5486,7.0245
0,B,0.2938,1.5557,7.0281
0,B,0.3072,1.5635,7.0320
0,B,0.3206,1.5718,7.0362
0,B,0.3339,1.5808,7.0407
0,B,0.3473,1.5905,7.0456
0,B,0.3606,1.6009,7.0508
0,B,0.3740,1.6120,7.0564
0,B,0.3873,1.6238,7.0623
0,B,0.4007,1.6364,7.0686
0,B,0.4140,1.6496,7.0752
0,B,0.4274,1.6636,7.0822
0,B,0.4408,1.6783,7.0896
0,B,0.4541,1.6938,7.0973
0,B,0.4675,1.7099,7.1054
0,B,0.4808,1.7268,7.1138
0,B,0.4942,1.7445,7.1226
0,B,0.5075,1.7628,7.1317
0,B,0.5209,1.7819,7.1412
0,B,0.5343,1.8016,7.1510
0,B,0.5476,1.8220,7.1612
0,B,0.5610,1.8431,7.1716
0,B,0.5743,1.8648,7.1824
0,B,0.5877,1.8872,7.1935
0,B,0.6010,1.9102,7.2048
0,B,0.6144,1.9337,7.2165
0,B,0.6277,1.9579,7.2284
0,B,0.6411,1.9826,7.2406
0,B,0.6545,2.0078,7.2530
0,B,0.6678,2.0335,7.2656
0,B,0.6812,2.0597,7.2785
0,B,0.6945,2.0864,7.2916
0,B,0.7079,2.1135,7.3048
0,B,0.7212,2.1411,7.3183
0,B,0.7346,2.1690,7.3319
0,B,0.7480,2.1973,7.3456
0,B,0.7613,2.2259,7.3595
0,B,0.7747,2.2549,7.3735
0,B,0.7880,2.2841,7.3877
0,B,0.8014,2.3136,7.4019
0,B,0.8147,2.3434,7.4162
0,B,0.8281,2.3735,7.4306
0,B,0.8415,2.4037,7.4451
0,B,0.8548,2.4341,7.4596
0,B,0.8682,2.4647,7.4741
0,B,0.8815,2.4955,7.4887
0,B,0.8949,2.5264,7.5032
0,B,0.9082,2.5575,7.5178
0,B,0.9216,2.5886,7.5324
0,B,0.9349,2.6199,7.5470
0,B,0.9483,2.6513,7.5616
0,B,0.9617,2.6828,7.5761
0,B,0.9750,2.7143,7.5906
0,B,0.9884,2.7460,7.6051
0,B,1.0017,2.7777,7.6195
0,B,1.0151,2.8095,7.6339
0,B,1.0284,2.8413,7.6483
0,B,1.0418,2.8732,7.6626
0,B,1.0552,2.9052,7.6768
0,B,1.0685,2.9372,7.6910
0,B,1.0819,2.9693,7.7051
0,B,1.0952,3.0015,7.7192
0,B,1.1086,3.0338,7.7332
0,B,1.1219,3.0661,7.7471
0,B,1.1353,3.0984,7.7610
0,B,1.1486,3.1309,7.7748
0,B,1.1620,3.1634,7.7885
0,B,1.1754,3.1960,7.8021
0,B,1.1887,3.2287,7.8157
0,B,1.2021,3.2615,7.8292
0,B,1.2154,3.2944,7.8426
0,B,1.2288,3.3274,7.8560
0,B,1.2421,3.3604,7.8692
0,B,1.2555,3.3936,7.8824
0,B,1.2689,3.4269,7.8955
0,B,1.2822,3.4603,7.9086
0,B,1.2956,3.4938,7.9215
0,B,1.3089,3.5274,7.9344
0,B,1.3223,3.5612,7.9472
0,B,1.3356,3.5950,7.9599
0,B,1.3490,3.6290,7.9725
0,B,1.3623,3.6631,7.9850
0,B,1.3757,3.6973,7.9975
0,B,1.3891,3.7316,8.0099
0,B,1.4024,3.7661,8.0221
0,B,1.4158,3.8007,8.0343
0,B,1.4291,3.8353,8.0464
0,B,1.4425,3.8701,8.0583
0,B,1.4558,3.9050,8.0702
0,B,1.4692,3.9400,8.0819
0,B,1.4826,3.9751,8.0936
0,B,1.4959,4.0103,8.1051
0,B,1.5093,4.0456,8.1165
0,B,1.5226,4.0809,8.1278
0,B,1.5360,4.1164,8.1390
0,B,1.5493,4.1519,8.1500
0,B,1.5627,4.1875,8.1609
0,B,1.5761,4.2232,8.1716
0,B,1.5894,4.2589,8.1823
0,B,1.6028,4.2946,8.1927
0,B,1.6161,4.3305,8.2031
0,B,1.6295,4.3663,8.2132
0,B,1.6428,4.4022,8.2233
0,B,1.6562,4.4382,8.2331
0,B,1.6695,4.4742,8.2428
0,B,1.6829,4.5102,8.2524
0,B,1.6963,4.5462,8.2617
0,B,1.7096,4.5822,8.2709
0,B,1.7230,4.6183,8.2800
0,B,1.7363,4.6544,8.2888
0,B,1.7497,4.6905,8.2975
0,B,1.7630,4.7266,8.3060
0,B,1.7764,4.7628,8.3143
0,B,1.7898,4.7989,8.3224
0,B,1.8031,4.8351,8.3304
0,B,1.8165,4.8713,8.3382
0,B,1.8298,4.9075,8.3457
0,B,1.8432,4.9437,8.3531
0,B,1.8565,4.9799,8.3603
0,B,1.8699,5.0162,8.3674
0,B,1.8832,5.0525,8.3742
0,B,1.8966,5.0888,8.3808
0,B,1.9100,5.1251,8.3873
0,B,1.9233,5.1615,8.3936
0,B,1.9367,5.1980,8.3997
0,B,1.9500,5.2345,8.4056
0,B,1.9634,5.2710,8.4113
0,B,1.9767,5.3076,8.4168
0,B,1.9901,5.3443,8.4222
0,B,2.0035,5.3810,8.4274
0,B,2.0168,5.4179,8.4324
0,B,2.0302,5.4548,8.4373
0,B,2.0435,5.4917,8.4419
0,B,2.0569,5.5288,8.4464
0,B,2.0702,5.5660,8.4508
0,B,2.0836,5.6032,8.4549
0,B,2.0969,5.6406,8.4590
0,B,2.1103,5.6781,8.4628
0,B,2.1237,5.7156,8.4665
0,B,2.1370,5.7533,8.4700
0,B,2.1504,5.7911,8.4734
0,B,2.1637,5.8290,8.4767
0,B,2.1771,5.8670,8.4798
0,B,2.1904,5.9051,8.4827
0,B,2.2038,5.9433,8.4855
0,B,2.2172,5.9817,8.4882
0,B,2.2305,6.0201,8.4908
0,B,2.2439,6.0586,8.4932
0,B,2.2572,6.0973,8.4955
0,B,2.2706,6.1360,8.4976
0,B,2.2839,6.1748,8.4996
0,B,2.2973,6.2137,8.5016
0,B,2.3107,6.2527,8.5034
0,B,2.3240,6.2917,8.5050
0,B,2.3374,6.3308,8.5066
0,B,2.3507,6.3699,8.5081
0,B,2.3641,6.4091,8.5094
0,B,2.3774,6.4483,8.5107
0,B,2.3908,6.4875,8.5118
0,B,2.4041,6.5267,8.5129
0,B,2.4175,6.5659,8.5138
0,B,2.4309,6.6051,8.5147
0,B,2.4442,6.6443,8.5155
0,B,2.4576,6.6835,8.5162
0,B,2.4709,6.7225,8.5168
0,B,2.4843,6.7616,8.5173
0,B,2.4976,6.8006,8.5177
0,B,2.5110,6.8395,8.5181
0,B,2.5244,6.8783,8.5184
0,B,2.5377,6.9170,8.5186
0,B,2.5511,6.9556,8.5188
0,B,2.5644,6.9940,8.5189
0,B,2.5778,7.0324,8.5189
0,B,2.5911,7.0706,8.5188
0,B,2.6045,7.1087,8.5187
0,B,2.6178,7.1466,8.5186
0,B,2.6312,7.1844,8.5184
0,B,2.6446,7.2220,8.5181
0,B,2.6579,7.2594,8.5178
0,B,2.6713,7.2967,8.5174
0,B,2.6846,7.3338,8.5170
0,B,2.6980,7.3707,8.5166
0,B,2.7113,7.4075,8.5161
0,B,2.7247,7.4441,8.5156
0,B,2.7381,7.4805,8.5150
0,B,2.7514,7.5167,8.5144
0,B,2.7648,7.5527,8.5138
0,B,2.7781,7.5886,8.5132
0,B,2.7915,7.6243,8.5125
0,B,2.8048,7.6598,8.5118
0,B,2.8182,7.6952,8.5111
0,B,2.8316,7.7305,8.5103
0,B,2.8449,7.7655,8.5096
0,B,2.8583,7.8005,8.5088
0,B,2.8716,7.8353,8.5080
0,B,2.8850,7.8699,8.5072
0,B,2.8983,7.9045,8.5064
0,B,2.9117,7.9389,8.5056
0,B,2.9250,7.9733,8.5048
0,B,2.9384,8.0075,8.5040
0,B,2.9518,8.0416,8.5032
0,B,2.9651,8.0757,8.5024
0,B,2.9785,8.1097,8.5016
0,B,2.9918,8.1436,8.5008
0,B,3.0052,8.1775,8.5000
0,B,3.0185,8.2113,8.4992
0,B,3.0319,8.2451,8.4984
0,B,3.0453,8.2789,8.4977
0,B,3.0586,8.3126,8.4969
0,B,3.0720,8.3464,8.4962
0,B,3.0853,8.3801,8.4955
0,B,3.0987,8.4138,8.4948
0,B,3.1120,8.4476,8.4942
0,B,3.1254,8.4813,8.4935
0,B,3.1387,8.5151,8.4929
0,B,3.1521,8.5490,8.4923
0,B,3.1655,8.5828,8.4918
0,B,3.1788,8.6168,8.4912
0,B,3.1922,8.6507,8.4908
0,B,3.2055,8.6848,8.4903
0,B,3.2189,8.7189,8.4899
0,B,3.2322,8.7530,8.4895
0,B,3.2456,8.7873,8.4891
0,B,3.2590,8.8216,8.4888
0,B,3.2723,8.8560,8.4886
0,B,3.2857,8.8905,8.4884
0,B,3.2990,8.9250,8.4882
0,B,3.3124,8.9597,8.4880
0,B,3.3257,8.9944,8.4880
0,B,3.3391,9.0293,8.4879
0,B,3.3524,9.0642,8.4879
0,B,3.3658,9.0993,8.4880
0,B,3.3792,9.1344,8.4881
0,B,3.3925,9.1697,8.4883
0,B,3.4059,9.2050,8.4885
0,B,3.4192,9.2405,8.4887
0,B,3.4326,9.2760,8.4891
0,B,3.4459,9.3116,8.4894
0,B,3.4593,9.3474,8.4899
0,B,3.4727,9.3832,8.4904
0,B,3.4860,9.4192,8.4909
0,B,3.4994,9.4552,8.4915
0,B,3.5127,9.4914,8.4922
0,B,3.5261,9.5276,8.4929
0,B,3.5394,9.5639,8.4937
0,B,3.5528,9.6003,8.4945
0,B,3.5662,9.6368,8.4954
0,B,3.5795,9.6734,8.4964
0,B,3.5929,9.7101,8.4974
0,B,3.6062,9.7468,8.4985
0,B,3.6196,9.7836,8.4996
0,B,3.6329,9.8205,8.5008
0,B,3.6463,9.8574,8.5021
0,B,3.6596,9.8944,8.5034
0,B,3.6730,9.9314,8.5048
0,B,3.6864,9.9685,8.5063
0,B,3.6997,10.0056,8.5078
0,B,3.7131,10.0428,8.5093
0,B,3.7264,10.0800,8.5109
0,B,3.7398,10.1173,8.5126
0,B,3.7531,10.1545,8.5144
0,B,3.7665,10.1918,8.5161
0,B,3.7799,10.2291,8.5180
0,B,3.7932,10.2664,8.5199
0,B,3.8066,10.3037,8.5219
0,B,3.8199,10.3410,8.5239
0,B,3.8333,10.3782,8.5259
0,B,3.8466,10.4155,8.5280
0,B,3.8600,10.4528,8.5302
0,B,3.8733,10.4900,8.5324
0,B,3.8867,10.5272,8.5347
0,B,3.9001,10.5644,8.5370
0,B,3.9134,10.6016,8.5393
0,B,3.9268,10.6387,8.5417
0,B,3.9401,10.6757,8.5442
0,B,3.9535,10.7128,8.5467
0,B,3.9668,10.7497,8.5492
0,B,3.9802,10.7867,8.5517
0,B,3.9936,10.8235,8.5543
0,B,4.0069,10.8603,8.5569
0,B,4.0203,10.8971,8.5596
0,B,4.0336,10.9338,8.5622
0,B,4.0470,10.9705,8.5649
0,B,4.0603,11.0070,8.5677
0,B,4.0737,11.0436,8.5704
0,B,4.0870,11.0800,8.5732
0,B,4.1004,11.1164,8.5759
0,B,4.1138,11.1528,8.5787
0,B,4.1271,11.1891,8.5815
0,B,4.1405,11.2253,8.5843
0,B,4.1538,11.2615,8.5872
0,B,4.1672,11.2976,8.5900
0,B,4.1805,11.3337,8.5928
0,B,4.1939,11.3697,8.5956
0,B,4.2073,11.4057,8.5984
0,B,4.2206,11.4416,8.6012
0,B,4.2340,11.4775,8.6040
0,B,4.2473,11.5133,8.6068
0,B,4.2607,11.5491,8.6095
0,B,4.2740,11.5848,8.6123
0,B,4.2874,11.6205,8.6150
0,B,4.3008,11.6562,8.6177
0,B,4.3141,11.6918,8.6204
0,B,4.3275,11.7274,8.6230
0,B,4.3408,11.7630,8.6256
0,B,4.3542,11.7985,8.6282
0,B,4.3675,11.8341,8.6308
0,B,4.3809,11.8695,8.6333
0,B,4.3942,11.9050,8.6357
0,B,4.4076,11.9404,8.6382
0,B,4.4210,11.9758,8.6405
0,B,4.4343,12.0112,8.6429
0,B,4.4477,12.0465,8.6452
0,B,4.4610,12.0818,8.6474
0,B,4.4744,12.1171,8.6496
0,B,4.4877,12.1523,8.6517
0,B,4.5011,12.1876,8.6538
0,B,4.5145,12.2228,8.6558
0,B,4.5278,12.2579,8.6578
0,B,4.5412,12.2930,8.6597
0,B,4.5545,12.3281,8.6616
0,B,4.5679,12.3631,8.6634
0,B,4.5812,12.3981,8.6651
0,B,4.5946,12.4330,8.6668
0,B,4.6079,12.4679,8.6684
0,B,4.6213,12.5027,8.6700
0,B,4.6347,12.5375,8.6715
0,B,4.6480,12.5722,8.6729
0,B,4.6614,12.6069,8.6742
0,B,4.6747,12.6415,8.6755
0,B,4.6881,12.6760,8.6768
0,B,4.7014,12.7104,8.6779
0,B,4.7148,12.7448,8.6790
0,B,4.7282,12.7792,8.6801
0,B,4.7415,12.8134,8.6810
0,B,4.7549,12.8476,8.6819
0,B,4.7682,12.8817,8.6827
0,B,4.7816,12.9157,8.6834
0,B,4.7949,12.9497,8.6841
0,B,4.8083,12.9836,8.6847
0,B,4.8216,13.0174,8.6852
0,B,4.8350,13.0512,8.6856
0,B,4.8484,13.0849,8.6859
0,B,4.8617,13.1186,8.6862
0,B,4.8751,13.1522,8.6863
0,B,4.8884,13.1857,8.6864
0,B,4.9018,13.2192,8.6864
0,B,4.9151,13.2527,8.6862
0,B,4.9285,13.2861,8.6860
0,B,4.9419,13.3195,8.6857
0,B,4.9552,13.3530,8.6853
0,B,4.9686,13.3864,8.6847
0,B,4.9819,13.4198,8.6841
0,B,4.9953,13.4532,8.6833
0,B,5.0086,13.4867,8.6824
0,B,5.0220,13.5202,8.6814
0,B,5.0354,13.5537,8.6802
0,B,5.0487,13.5873,8.6789
0,B,5.0621,13.6210,8.6775
0,B,5.0754,13.6548,8.6759
0,B,5.0888,13.6886,8.6742
0,B,5.1021,13.7226,8.6724
0,B,5.1155,13.7567,8.6703
0,B,5.1288,13.7909,8.6682
0,B,5.1422,13.8253,8.6658
0,B,5.1556,13.8598,8.6633
0,B,5.1689,13.8944,8.6607
0,B,5.1823,13.9293,8.6578
0,B,5.1956,13.9643,8.6548
0,B,5.2090,13.9994,8.6516
0,B,5.2223,14.0348,8.6482
0,B,5.2357,14.0704,8.6447
0,B,5.2491,14.1062,8.6410
0,B,5.2624,14.1421,8.6370
0,B,5.2758,14.1783,8.6329
0,B,5.2891,14.2147,8.6286
0,B,5.3025,14.2513,8.6241
0,B,5.3158,14.2882,8.6195
0,B,5.3292,14.3252,8.6146
0,B,5.3425,14.3624,8.6095
0,B,5.3559,14.3999,8.6043
0,B,5.3693,14.4375,8.5989
0,B,5.3826,14.4753,8.5933
0,B,5.3960,14.5133,8.5875
0,B,5.4093,14.5515,8.5815
0,B,5.4227,14.5899,8.5754
0,B,5.4360,14.6284,8.5690
0,B,5.4494,14.6670,8.5626
0,B,5.4628,14.7057,8.5559
0,B,5.4761,14.7446,8.5491
0,B,5.4895,14.7836,8.5421
0,B,5.5028,14.8226,8.5350
0,B,5.5162,14.8617,8.5277
0,B,5.5295,14.9008,8.5203
0,B,5.5429,14.9400,8.5127
0,B,5.5562,14.9792,8.5050
0,B,5.5696,15.0184,8.4972
0,B,5.5830,15.0576,8.4892
0,B,5.5963,15.0967,8.4812
0,B,5.6097,15.1358,8.4730
0,B,5.6230,15.1749,8.4647
0,B,5.6364,15.2139,8.4563
0,B,5.6497,15.2527,8.4478
0,B,5.6631,15.2915,8.4392
0,B,5.6765,15.3302,8.4305
0,B,5.6898,15.3688,8.4217
0,B,5.7032,15.4072,8.4129
0,B,5.7165,15.4455,8.4040
0,B,5.7299,15.4836,8.3950
0,B,5.7432,15.5216,8.3859
0,B,5.7566,15.5594,8.3767
0,B,5.7700,15.5971,8.3675
0,B,5.7833,15.6346,8.3582
0,B,5.7967,15.6719,8.3489
0,B,5.8100,15.7091,8.3395
0,B,5.8234,15.7462,8.3301
0,B,5.8367,15.7831,8.3206
0,B,5.8501,15.8199,8.3110
0,B,5.8634,15.8565,8.3013
0,B,5.8768,15.8930,8.2917
0,B,5.8902,15.9295,8.2819
0,B,5.9035,15.9658,8.2721
0,B,5.9169,16.0021,8.2622
0,B,5.9302,16.0383,8.2523
0,B,5.9436,16.0745,8.2423
0,B,5.9569,16.1107,8.2323
0,B,5.9703,16.1469,8.2221
0,B,5.9837,16.1831,8.2119
0,B,5.9970,16.2193,8.2017
0,B,6.0104,16.2555,8.1913
0,B,6.0237,16.2919,8.1809
0,B,6.0371,16.3283,8.1704
0,B,6.0504,16.3649,8.1599
0,B,6.0638,16.4016,8.1492
0,B,6.0771,16.4384,8.1385
0,B,6.0905,16.4754,8.1277
0,B,6.1039,16.5126,8.1168
0,B,6.1172,16.5499,8.1058
0,B,6.1306,16.5875,8.0947
0,B,6.1439,16.6253,8.0836
0,B,6.1573,16.6634,8.0723
0,B,6.1706,16.7017,8.0610
0,B,6.1840,16.7403,8.0495
0,B,6.1974,16.7791,8.0380
0,B,6.2107,16.8182,8.0264
0,B,6.2241,16.8577,8.0147
0,B,6.2374,16.8974,8.0030
0,B,6.2508,16.9373,7.9911
0,B,6.2641,16.9776,7.9791
0,B,6.2775,17.0182,7.9671
0,B,6.2908,17.0591,7.9550
0,B,6.3042,17.1002,7.9429
0,B,6.3176,17.1416,7.9306
0,B,6.3309,17.1833,7.9183
0,B,6.3443,17.2252,7.9059
0,B,6.3576,17.2673,7.8935
0,B,6.3710,17.3097,7.8811
0,B,6.3843,17.3523,7.8685
0,B,6.3977,17.3951,7.8560
0,B,6.4111,17.4381,7.8434
0,B,6.4244,17.4812,7.8308
0,B,6.4378,17.5245,7.8181
0,B,6.4511,17.5679,7.8055
0,B,6.4645,17.6114,7.7928
0,B,6.4778,17.6550,7.7802
0,B,6.4912,17.6986,7.7675
0,B,6.5046,17.7424,7.7548
0,B,6.5179,17.7861,7.7422
0,B,6.5313,17.8298,7.7296
0,B,6.5446,17.8736,7.7170
0,B,6.5580,17.9172,7.7044
0,B,6.5713,17.9609,7.6919
0,B,6.5847,18.0044,7.6794
0,B,6.5980,18.0479,7.6670
0,B,6.6114,18.0912,7.6546
0,B,6.6248,18.1344,7.6423
0,B,6.6381,18.1774,7.6300
0,B,6.6515,18.2203,7.6179
0,B,6.6648,18.2630,7.6058
0,B,6.6782,18.3055,7.5937
0,B,6.6915,18.3477,7.5818
0,B,6.7049,18.3897,7.5699
0,B,6.7183,18.4315,7.5582
0,B,6.7316,18.4730,7.5465
0,B,6.7450,18.5143,7.5349
0,B,6.7583,18.5553,7.5234
0,B,6.7717,18.5959,7.5121
0,B,6.7850,18.6363,7.5008
0,B,6.7984,18.6764,7.4896
0,B,6.8117,18.7162,7.4785
0,B,6.8251,18.7557,7.4675
0,B,6.8385,18.7949,7.4567
0,B,6.8518,18.8337,7.4459
0,B,6.8652,18.8722,7.4353
0,B,6.8785,18.9104,7.4247
0,B,6.8919,18.9482,7.4143
0,B,6.9052,18.9857,7.4040
0,B,6.9186,19.0229,7.3937
0,B,6.9320,19.0597,7.3836
0,B,6.9453,19.0962,7.3736
0,B,6.9587,19.1324,7.3637
0,B,6.9720,19.1681,7.3539
0,B,6.9854,19.2036,7.3442
0,B,6.9987,19.2387,7.3347
0,B,7.0121,19.2734,7.3252
0,B,7.0254,19.3078,7.3158
0,B,7.0388,19.3418,7.3066
0,B,7.0522,19.3755,7.2974
0,B,7.0655,19.4088,7.2884
0,B,7.0789,19.4417,7.2795
0,B,7.0922,19.4743,7.2707
0,B,7.1056,19.5064,7.2620
0,B,7.1189,19.5382,7.2534
0,B,7.1323,19.5697,7.2449
0,B,7.1457,19.6007,7.2366
0,B,7.1590,19.6313,7.2283
0,B,7.1724,19.6615,7.2202
0,B,7.1857,19.6913,7.2122
0,B,7.1991,19.7207,7.2043
0,B,7.2124,19.7496,7.1965
0,B,7.2258,19.7781,7.1889
0,B,7.2392,19.8062,7.1814
0,B,7.2525,19.8338,7.1740
0,B,7.2659,19.8609,7.1667
0,B,7.2792,19.8875,7.1596
0,B,7.2926,19.9137,7.1526
0,B,7.3059,19.9393,7.1458
0,B,7.3193,19.9645,7.1391
0,B,7.3326,19.9891,7.1326
0,B,7.3460,20.0132,7.1262
0,B,7.3594,20.0367,7.1199
0,B,7.3727,20.0597,7.1138
0,B,7.3861,20.0821,7.1079
0,B,7.3994,20.1040,7.1021
0,B,7.4128,20.1253,7.0965
0,B,7.4261,20.1460,7.0910
0,B,7.4395,20.1661,7.0857
0,B,7.4529,20.1856,7.0806
0,B,7.4662,20.2045,7.0756
0,B,7.4796,20.2228,7.0708
0,B,7.4929,20.2405,7.0662
0,B,7.5063,20.2575,7.0617
0,B,7.5196,20.2740,7.0575
0,B,7.5330,20.2898,7.0534
0,B,7.5463,20.3049,7.0494
0,B,7.5597,20.3195,7.0457
0,B,7.5731,20.3334,7.0421
0,B,7.5864,20.3466,7.0386
0,B,7.5998,20.3593,7.0354
0,B,7.6131,20.3713,7.0323
0,B,7.6265,20.3827,7.0294
0,B,7.6398,20.3934,7.0266
0,B,7.6532,20.4036,7.0240
0,B,7.6666,20.4131,7.0216
0,B,7.6799,20.4221,7.0193
0,B,7.6933,20.4305,7.0172
0,B,7.7066,20.4383,7.0152
0,B,7.7200,20.4455,7.0134
0,B,7.7333,20.4522,7.0117
0,B,7.7467,20.4584,7.0102
0,B,7.7600,20.4640,7.0088
0,B,7.7734,20.4692,7.0075
0,B,7.7868,20.4738,7.0064
0,B,7.8001,20.4780,7.0053
0,B,7.8135,20.4817,7.0044
0,B,7.8268,20.4850,7.0036
0,B,7.8402,20.4879,7.0029
0,B,7.8535,20.4904,7.0023
0,B,7.8669,20.4926,7.0018
0,B,7.8803,20.4944,7.0013
0,B,7.8936,20.4959,7.0010
0,B,7.9070,20.4971,7.0007
0,B,7.9203,20.4980,7.0005
0,B,7.9337,20.4987,7.0003
0,B,7.9470,20.4993,7.0002
0,B,7.9604,20.4996,7.0001
0,B,7.9738,20.4998,7.0000
0,B,7.9871,20.5000,7.0000
0,B,8.0005,20.5000,7.0000
0,B,8.0138,20.5000,7.0000
0,C,0.0000,1.5000,7.0000
0,C,0.0188,1.5000,7.0000
0,C,0.0376,1.5003,7.0001
0,C,0.0564,1.5011,7.0002
0,C,0.0752,1.5025,7.0005
0,C,0.0939,1.5048,7.0010
0,C,0.1127,1.5081,7.0017
0,C,0.1315,1.5127,7.0026
0,C,0.1503,1.5185,7.0038
0,C,0.1691,1.5259,7.0054
0,C,0.1879,1.5347,7.0073
0,C,0.2067,1.5453,7.0096
0,C,0.2255,1.5576,7.0123
0,C,0.2442,1.5717,7.0154
0,C,0.2630,1.5877,7.0190
0,C,0.2818,1.6055,7.0230
0,C,0.3006,1.6253,7.0276
0,C,0.3194,1.6471,7.0326
0,C,0.3382,1.6708,7.0382
0,C,0.3570,1.6965,7.0443
0,C,0.3758,1.7241,7.0510
0,C,0.3945,1.7536,7.0582
0,C,0.4133,1.7850,7.0660
0,C,0.4321,1.8182,7.0744
0,C,0.4509,1.8533,7.0833
0,C,0.4697,1.8900,7.0928
0,C,0.4885,1.9285,7.1029
0,C,0.5073,1.9685,7.1136
0,C,0.5261,2.0101,7.1249
0,C,0.5448,2.0531,7.1368
0,C,0.5636,2.0975,7.1492
0,C,0.5824,2.1431,7.1623
0,C,0.6012,2.1899,7.1759
0,C,0.6200,2.2378,7.1900
0,C,0.6388,2.2867,7.2047
0,C,0.6576,2.3364,7.2200
0,C,0.6764,2.3869,7.2358
0,C,0.6951,2.4381,7.2522
0,C,0.7139,2.4898,7.2690
0,C,0.7327,2.5420,7.2864
0,C,0.7515,2.5945,7.3043
0,C,0.7703,2.6472,7.3226
0,C,0.7891,2.7000,7.3414
0,C,0.8079,2.7529,7.3607
0,C,0.8267,2.8057,7.3804
0,C,0.8454,2.8583,7.4005
0,C,0.8642,2.9107,7.4211
0,C,0.8830,2.9627,7.4420
0,C,0.9018,3.0142,7.4633
0,C,0.9206,3.0652,7.4849
0,C,0.9394,3.1156,7.5069
0,C,0.9582,3.1653,7.5291
0,C,0.9770,3.2142,7.5517
0,C,0.9957,3.2624,7.5746
0,C,1.0145,3.3097,7.5977
0,C,1.0333,3.3560,7.6210
0,C,1.0521,3.4015,7.6446
0,C,1.0709,3.4459,7.6683
0,C,1.0897,3.4893,7.6922
0,C,1.1085,3.5317,7.7163
0,C,1.1273,3.5730,7.7405
0,C,1.1460,3.6132,7.7649
0,C,1.1648,3.6523,7.7893
0,C,1.1836,3.6903,7.8138
0,C,1.2024,3.7272,7.8384
0,C,1.2212,3.7630,7.8629
0,C,1.2400,3.7977,7.8875
0,C,1.2588,3.8313,7.9121
0,C,1.2776,3.8637,7.9367
0,C,1.2963,3.8952,7.9612
0,C,1.3151,3.9255,7.9856
0,C,1.3339,3.9548,8.0100
0,C,1.3527,3.9832,8.0342
0,C,1.3715,4.0105,8.0583
0,C,1.3903,4.0369,8.0823
0,C,1.4091,4.0623,8.1060
0,C,1.4279,4.0869,8.1296
0,C,1.4466,4.1107,8.1530
0,C,1.4654,4.1336,8.1762
0,C,1.4842,4.1557,8.1991
0,C,1.5030,4.1772,8.2218
0,C,1.5218,4.1979,8.2441
0,C,1.5406,4.2180,8.2662
0,C,1.5594,4.2375,8.2880
0,C,1.5782,4.2565,8.3094
0,C,1.5969,4.2750,8.3305
0,C,1.6157,4.2930,8.3512
0,C,1.6345,4.3107,8.3715
0,C,1.6533,4.3280,8.3915
0,C,1.6721,4.3450,8.4110
0,C,1.6909,4.3618,8.4301
0,C,1.7097,4.3784,8.4488
0,C,1.7285,4.3949,8.4671
0,C,1.7473,4.4113,8.4849
0,C,1.7660,4.4277,8.5022
0,C,1.7848,4.4440,8.5190
0,C,1.8036,4.4605,8.5353
0,C,1.8224,4.4770,8.5512
0,C,1.8412,4.4938,8.5665
0,C,1.8600,4.5107,8.5814
0,C,1.8788,4.5279,8.5957
0,C,1.8976,4.5454,8.6095
0,C,1.9163,4.5632,8.6227
0,C,1.9351,4.5814,8.6354
0,C,1.9539,4.6000,8.6476
0,C,1.9727,4.6191,8.6592
0,C,1.9915,4.6387,8.6703
0,C,2.0103,4.6587,8.6808
0,C,2.0291,4.6794,8.6908
0,C,2.0479,4.7006,8.7002
0,C,2.0666,4.7223,8.7091
0,C,2.0854,4.7447,8.7175
0,C,2.1042,4.7678,8.7253
0,C,2.1230,4.7914,8.7326
0,C,2.1418,4.8158,8.7394
0,C,2.1606,4.8407,8.7456
0,C,2.1794,4.8664,8.7513
0,C,2.1982,4.8927,8.7566
0,C,2.2169,4.9197,8.7613
0,C,2.2357,4.9474,8.7655
0,C,2.2545,4.9757,8.7693
0,C,2.2733,5.0046,8.7726
0,C,2.2921,5.0343,8.7754
0,C,2.3109,5.0645,8.7779
0,C,2.3297,5.0954,8.7798
0,C,2.3485,5.1269,8.7814
0,C,2.3672,5.1590,8.7825
0,C,2.3860,5.1917,8.7833
0,C,2.4048,5.2250,8.7837
0,C,2.4236,5.2588,8.7837
0,C,2.4424,5.2931,8.7834
0,C,2.4612,5.3279,8.7827
0,C,2.4800,5.3632,8.7818
0,C,2.4988,5.3989,8.7805
0,C,2.5175,5.4351,8.7789
0,C,2.5363,5.4717,8.7771
0,C,2.5551,5.5086,8.7750
0,C,2.5739,5.5459,8.7727
0,C,2.5927,5.5836,8.7701
0,C,2.6115,5.6215,8.7674
0,C,2.6303,5.6597,8.7644
0,C,2.6491,5.6981,8.7613
0,C,2.6678,5.7367,8.7580
0,C,2.6866,5.7756,8.7545
0,C,2.7054,5.8145,8.7509
0,C,2.7242,5.8536,8.7472
0,C,2.7430,5.8928,8.7434
0,C,2.7618,5.9321,8.7394
0,C,2.7806,5.9714,8.7354
0,C,2.7994,6.0107,8.7313
0,C,2.8181,6.0500,8.7272
0,C,2.8369,6.0893,8.7230
0,C,2.8557,6.1286,8.7188
0,C,2.8745,6.1677,8.7145
0,C,2.8933,6.2068,8.7103
0,C,2.9121,6.2457,8.7060
0,C,2.9309,6.2845,8.7017
0,C,2.9497,6.3231,8.6974
0,C,2.9684,6.3616,8.6932
0,C,2.9872,6.3998,8.6889
0,C,3.0060,6.4379,8.6847
0,C,3.0248,6.4757,8.6805
0,C,3.0436,6.5134,8.6764
0,C,3.0624,6.5508,8.6722
0,C,3.0812,6.5879,8.6681
0,C,3.1000,6.6248,8.6641
0,C,3.1187,6.6614,8.6601
0,C,3.1375,6.6978,8.6561
0,C,3.1563,6.7339,8.6521
0,C,3.1751,6.7697,8.6482
0,C,3.1939,6.8053,8.6444
0,C,3.2127,6.8406,8.6405
0,C,3.2315,6.8757,8.6367
0,C,3.2503,6.9104,8.6329
0,C,3.2691,6.9450,8.6291
0,C,3.2878,6.9792,8.6254
0,C,3.3066,7.0132,8.6217
0,C,3.3254,7.0469,8.6180
0,C,3.3442,7.0804,8.6142
0,C,3.3630,7.1137,8.6105
0,C,3.3818,7.1467,8.6068
0,C,3.4006,7.1795,8.6031
0,C,3.4194,7.2121,8.5994
0,C,3.4381,7.2444,8.5956
0,C,3.4569,7.2766,8.5918
0,C,3.4757,7.3086,8.5880
0,C,3.4945,7.3404,8.5841
0,C,3.5133,7.3720,8.5802
0,C,3.5321,7.4035,8.5763
0,C,3.5509,7.4348,8.5723
0,C,3.5697,7.4659,8.5682
0,C,3.5884,7.4970,8.5640
0,C,3.6072,7.5279,8.5598
0,C,3.6260,7.5587,8.5555
0,C,3.6448,7.5895,8.5511
0,C,3.6636,7.6201,8.5466
0,C,3.6824,7.6507,8.5420
0,C,3.7012,7.6812,8.5373
0,C,3.7200,7.7117,8.5325
0,C,3.7387,7.7421,8.5276
0,C,3.7575,7.7725,8.5226
0,C,3.7763,7.8028,8.5174
0,C,3.7951,7.8332,8.5121
0,C,3.8139,7.8636,8.5067
0,C,3.8327,7.8940,8.5011
0,C,3.8515,7.9244,8.4954
0,C,3.8703,7.9548,8.4896
0,C,3.8890,7.9853,8.4836
0,C,3.9078,8.0159,8.4775
0,C,3.9266,8.0464,8.4712
0,C,3.9454,8.0771,8.4648
0,C,3.9642,8.1078,8.4582
0,C,3.9830,8.1386,8.4515
0,C,4.0018,8.1695,8.4446
0,C,4.0206,8.2005,8.4376
0,C,4.0393,8.2315,8.4304
0,C,4.0581,8.2627,8.4231
0,C,4.0769,8.2939,8.4157
0,C,4.0957,8.3253,8.4081
0,C,4.1145,8.3568,8.4004
0,C,4.1333,8.3884,8.3926
0,C,4.1521,8.4201,8.3846
0,C,4.1709,8.4519,8.3765
0,C,4.1896,8.4838,8.3683
0,C,4.2084,8.5159,8.3600
0,C,4.2272,8.5481,8.3516
0,C,4.2460,8.5804,8.3430
0,C,4.2648,8.6129,8.3344
0,C,4.2836,8.6454,8.3257
0,C,4.3024,8.6781,8.3169
0,C,4.3212,8.7110,8.3080
0,C,4.3399,8.7439,8.2990
0,C,4.3587,8.7770,8.2900
0,C,4.3775,8.8102,8.2809
0,C,4.3963,8.8436,8.2717
0,C,4.4151,8.8770,8.2625
0,C,4.4339,8.9106,8.2533
0,C,4.4527,8.9443,8.2441
0,C,4.4715,8.9781,8.2348
0,C,4.4902,9.0121,8.2255
0,C,4.5090,9.0461,8.2163
0,C,4.5278,9.0802,8.2070
0,C,4.5466,9.1145,8.1978
0,C,4.5654,9.1489,8.1886
0,C,4.5842,9.1833,8.1794
0,C,4.6030,9.2179,8.1703
0,C,4.6218,9.2525,8.1613
0,C,4.6405,9.2872,8.1523
0,C,4.6593,9.3220,8.1434
0,C,4.6781,9.3569,8.1346
0,C,4.6969,9.3918,8.1260
0,C,4.7157,9.4268,8.1174
0,C,4.7345,9.4619,8.1090
0,C,4.7533,9.4970,8.1007
0,C,4.7721,9.5322,8.0926
0,C,4.7908,9.5674,8.0846
0,C,4.8096,9.6026,8.0769
0,C,4.8284,9.6379,8.0693
0,C,4.8472,9.6732,8.0619
0,C,4.8660,9.7085,8.0548
0,C,4.8848,9.7438,8.0479
0,C,4.9036,9.7791,8.0412
0,C,4.9224,9.8144,8.0348
0,C,4.9412,9.8496,8.0287
0,C,4.9599,9.8849,8.0228
0,C,4.9787,9.9201,8.0173
0,C,4.9975,9.9553,8.0121
0,C,5.0163,9.9905,8.0072
0,C,5.0351,10.0256,8.0026
0,C,5.0539,10.0606,7.9984
0,C,5.0727,10.0956,7.9945
0,C,5.0915,10.1305,7.9911
0,C,5.1102,10.1653,7.9880
0,C,5.1290,10.2000,7.9853
0,C,5.1478,10.2347,7.9830
0,C,5.1666,10.2692,7.9811
0,C,5.1854,10.3036,7.9797
0,C,5.2042,10.3379,7.9787
0,C,5.2230,10.3721,7.9782
0,C,5.2418,10.4062,7.9781
0,C,5.2605,10.4401,7.9785
0,C,5.2793,10.4740,7.9794
0,C,5.2981,10.5076,7.9807
0,C,5.3169,10.5411,7.9826
0,C,5.3357,10.5745,7.9849
0,C,5.3545,10.6077,7.9878
0,C,5.3733,10.6407,7.9912
0,C,5.3921,10.6736,7.9951
0,C,5.4108,10.7063,7.9995
0,C,5.4296,10.7388,8.0044
0,C,5.4484,10.7711,8.0099
0,C,5.4672,10.8033,8.0159
0,C,5.4860,10.8353,8.0225
0,C,5.5048,10.8671,8.0296
0,C,5.5236,10.8987,8.0372
0,C,5.5424,10.9301,8.0454
0,C,5.5611,10.9614,8.0541
0,C,5.5799,10.9924,8.0633
0,C,5.5987,11.0233,8.0731
0,C,5.6175,11.0540,8.0834
0,C,5.6363,11.0844,8.0942
0,C,5.6551,11.1147,8.1056
0,C,5.6739,11.1449,8.1175
0,C,5.6927,11.1748,8.1298
0,C,5.7114,11.2046,8.1427
0,C,5.7302,11.2342,8.1561
0,C,5.7490,11.2636,8.1699
0,C,5.7678,11.2929,8.1842
0,C,5.7866,11.3220,8.1990
0,C,5.8054,11.3509,8.2142
0,C,5.8242,11.3797,8.2298
0,C,5.8430,11.4084,8.2459
0,C,5.8617,11.4369,8.2624
0,C,5.8805,11.4653,8.2792
0,C,5.8993,11.4936,8.2964
0,C,5.9181,11.5217,8.3140
0,C,5.9369,11.5498,8.3319
0,C,5.9557,11.5778,8.3502
0,C,5.9745,11.6057,8.3687
0,C,5.9933,11.6335,8.3875
0,C,6.0120,11.6612,8.4066
0,C,6.0308,11.6888,8.4260
0,C,6.0496,11.7165,8.4456
0,C,6.0684,11.7440,8.4653
0,C,6.0872,11.7716,8.4853
0,C,6.1060,11.7991,8.5054
0,C,6.1248,11.8265,8.5257
0,C,6.1436,11.8540,8.5461
0,C,6.1623,11.8815,8.5666
0,C,6.1811,11.9090,8.5872
0,C,6.1999,11.9365,8.6078
0,C,6.2187,11.9641,8.6285
0,C,6.2375,11.9917,8.6492
0,C,6.2563,12.0193,8.6698
0,C,6.2751,12.0470,8.6905
0,C,6.2939,12.0747,8.7111
0,C,6.3126,12.1026,8.7316
0,C,6.3314,12.1305,8.7520
0,C,6.3502,12.1585,8.7723
0,C,6.3690,12.1866,8.7925
0,C,6.3878,12.2148,8.8125
0,C,6.4066,12.2431,8.8323
0,C,6.4254,12.2716,8.8520
0,C,6.4442,12.3002,8.8713
0,C,6.4630,12.3289,8.8905
0,C,6.4817,12.3578,8.9094
0,C,6.5005,12.3868,8.9279
0,C,6.5193,12.4160,8.9462
0,C,6.5381,12.4453,8.9642
0,C,6.5569,12.4748,8.9818
0,C,6.5757,12.5045,8.9990
0,C,6.5945,12.5344,9.0158
0,C,6.6133,12.5644,9.0323
0,C,6.6320,12.5946,9.0483
0,C,6.6508,12.6250,9.0639
0,C,6.6696,12.6556,9.0790
0,C,6.6884,12.6864,9.0937
0,C,6.7072,12.7173,9.1079
0,C,6.7260,12.7485,9.1215
0,C,6.7448,12.7798,9.1347
0,C,6.7636,12.8114,9.1473
0,C,6.7823,12.8431,9.1594
0,C,6.8011,12.8750,9.1710
0,C,6.8199,12.9071,9.1820
0,C,6.8387,12.9394,9.1924
0,C,6.8575,12.9718,9.2022
0,C,6.8763,13.0044,9.2115
0,C,6.8951,13.0372,9.2201
0,C,6.9139,13.0702,9.2281
0,C,6.9326,13.1033,9.2356
0,C,6.9514,13.1366,9.2424
0,C,6.9702,13.1700,9.2485
0,C,6.9890,13.2036,9.2541
0,C,7.0078,13.2373,9.2590
0,C,7.0266,13.2711,9.2632
0,C,7.0454,13.3050,9.2668
0,C,7.0642,13.3391,9.2698
0,C,7.0829,13.3733,9.2721
0,C,7.1017,13.4076,9.2738
0,C,7.1205,13.4419,9.2748
0,C,7.1393,13.4764,9.2752
0,C,7.1581,13.5109,9.2749
0,C,7.1769,13.5455,9.2740
0,C,7.1957,13.5801,9.2724
0,C,7.2145,13.6148,9.2701
0,C,7.2332,13.6495,9.2673
0,C,7.2520,13.6843,9.2637
0,C,7.2708,13.7190,9.2596
0,C,7.2896,13.7538,9.2548
0,C,7.3084,13.7886,9.2494
0,C,7.3272,13.8234,9.2433
0,C,7.3460,13.8582,9.2367
0,C,7.3648,13.8929,9.2294
0,C,7.3835,13.9276,9.2216
0,C,7.4023,13.9623,9.2131
0,C,7.4211,13.9969,9.2041
0,C,7.4399,14.0314,9.1945
0,C,7.4587,14.0659,9.1843
0,C,7.4775,14.1002,9.1736
0,C,7.4963,14.1345,9.1623
0,C,7.5151,14.1687,9.1505
0,C,7.5338,14.2028,9.1381
0,C,7.5526,14.2368,9.1253
0,C,7.5714,14.2707,9.1120
0,C,7.5902,14.3044,9.0982
0,C,7.6090,14.3380,9.0839
0,C,7.6278,14.3715,9.0692
0,C,7.6466,14.4048,9.0540
0,C,7.6654,14.4379,9.0384
0,C,7.6841,14.4709,9.0224
0,C,7.7029,14.5037,9.0060
0,C,7.7217,14.5364,8.9893
0,C,7.7405,14.5688,8.9722
0,C,7.7593,14.6011,8.9548
0,C,7.7781,14.6332,8.9370
0,C,7.7969,14.6651,8.9190
0,C,7.8157,14.6968,8.9006
0,C,7.8344,14.7283,8.8820
0,C,7.8532,14.7596,8.8632
0,C,7.8720,14.7907,8.8442
0,C,7.8908,14.8216,8.8249
0,C,7.9096,14.8523,8.8055
0,C,7.9284,14.8827,8.7859
0,C,7.9472,14.9130,8.7661
0,C,7.9660,14.9430,8.7463
0,C,7.9847,14.9728,8.7263
0,C,8.0035,15.0024,8.7062
0,C,8.0223,15.0318,8.6861
0,C,8.0411,15.0610,8.6660
0,C,8.0599,15.0900,8.6458
0,C,8.0787,15.1187,8.6256
0,C,8.0975,15.1472,8.6054
0,C,8.1163,15.1756,8.5852
0,C,8.1351,15.2037,8.5651
0,C,8.1538,15.2316,8.5451
0,C,8.1726,15.2593,8.5251
0,C,8.1914,15.2868,8.5053
0,C,8.2102,15.3141,8.4856
0,C,8.2290,15.3412,8.4660
0,C,8.2478,15.3682,8.4465
0,C,8.2666,15.3950,8.4273
0,C,8.2854,15.4215,8.4082
0,C,8.3041,15.4480,8.3893
0,C,8.3229,15.4742,8.3707
0,C,8.3417,15.5003,8.3522
0,C,8.3605,15.5263,8.3340
0,C,8.3793,15.5521,8.3161
0,C,8.3981,15.5778,8.2984
0,C,8.4169,15.6034,8.2811
0,C,8.4357,15.6289,8.2640
0,C,8.4544,15.6543,8.2472
0,C,8.4732,15.6796,8.2307
0,C,8.4920,15.7048,8.2145
0,C,8.5108,15.7299,8.1987
0,C,8.5296,15.7550,8.1831
0,C,8.5484,15.7800,8.1680
0,C,8.5672,15.8050,8.1531
0,C,8.5860,15.8300,8.1387
0,C,8.6047,15.8550,8.1245
0,C,8.6235,15.8800,8.1107
0,C,8.6423,15.9051,8.0973
0,C,8.6611,15.9301,8.0842
0,C,8.6799,15.9553,8.0715
0,C,8.6987,15.9805,8.0591
0,C,8.7175,16.0058,8.0471
0,C,8.7363,16.0312,8.0354
0,C,8.7550,16.0568,8.0241
0,C,8.7738,16.0825,8.0130
0,C,8.7926,16.1083,8.0024
0,C,8.8114,16.1344,7.9920
0,C,8.8302,16.1606,7.9819
0,C,8.8490,16.1871,7.9721
0,C,8.8678,16.2138,7.9627
0,C,8.8866,16.2408,7.9535
0,C,8.9053,16.2680,7.9445
0,C,8.9241,16.2955,7.9359
0,C,8.9429,16.3234,7.9274
0,C,8.9617,16.3516,7.9192
0,C,8.9805,16.3801,7.9113
0,C,8.9993,16.4090,7.9035
0,C,9.0181,16.4383,7.8959
0,C,9.0369,16.4680,7.8885
0,C,9.0556,16.4982,7.8813
0,C,9.0744,16.5287,7.8743
0,C,9.0932,16.5598,7.8673
0,C,9.1120,16.5912,7.8605
0,C,9.1308,16.6232,7.8538
0,C,9.1496,16.6557,7.8472
0,C,9.1684,16.6887,7.8407
0,C,9.1872,16.7222,7.8342
0,C,9.2059,16.7563,7.8278
0,C,9.2247,16.7909,7.8214
0,C,9.2435,16.8260,7.8150
0,C,9.2623,16.8617,7.8087
0,C,9.2811,16.8981,7.8023
0,C,9.2999,16.9349,7.7959
0,C,9.3187,16.9724,7.7895
0,C,9.3375,17.0105,7.7830
0,C,9.3562,17.0492,7.7765
0,C,9.3750,17.0885,7.7699
0,C,9.3938,17.1284,7.7632
0,C,9.4126,17.1689,7.7564
0,C,9.4314,17.2100,7.7495
0,C,9.4502,17.2517,7.7425
0,C,9.4690,17.2940,7.7354
0,C,9.4878,17.3369,7.7281
0,C,9.5065,17.3804,7.7207
0,C,9.5253,17.4245,7.7131
0,C,9.5441,17.4691,7.7054
0,C,9.5629,17.5143,7.6975
0,C,9.5817,17.5601,7.6894
0,C,9.6005,17.6063,7.6812
0,C,9.6193,17.6531,7.6728
0,C,9.6381,17.7004,7.6642
0,C,9.6569,17.7482,7.6555
0,C,9.6756,17.7964,7.6466
0,C,9.6944,17.8451,7.6374
0,C,9.7132,17.8941,7.6282
0,C,9.7320,17.9436,7.6187
0,C,9.7508,17.9934,7.6091
0,C,9.7696,18.0435,7.5993
0,C,9.7884,18.0940,7.5893
0,C,9.8072,18.1447,7.5792
0,C,9.8259,18.1956,7.5689
0,C,9.8447,18.2468,7.5584
0,C,9.8635,18.2981,7.5478
0,C,9.8823,18.3496,7.5371
0,C,9.9011,18.4012,7.5263
0,C,9.9199,18.4529,7.5153
0,C,9.9387,18.5046,7.5042
0,C,9.9575,18.5564,7.4930
0,C,9.9762,18.6081,7.4817
0,C,9.9950,18.6597,7.4703
0,C,10.0138,18.7112,7.4588
0,C,10.0326,18.7626,7.4473
0,C,10.0514,18.8138,7.4357
0,C,10.0702,18.8648,7.4241
0,C,10.0890,18.9156,7.4124
0,C,10.1078,18.9661,7.4007
0,C,10.1265,19.0162,7.3889
0,C,10.1453,19.0660,7.3772
0,C,10.1641,19.1153,7.3655
0,C,10.1829,19.1643,7.3538
0,C,10.2017,19.2127,7.3421
0,C,10.2205,19.2606,7.3305
0,C,10.2393,19.3080,7.3189
0,C,10.2581,19.3549,7.3074
0,C,10.2768,19.4010,7.2959
0,C,10.2956,19.4466,7.2846
0,C,10.3144,19.4914,7.2733
0,C,10.3332,19.5356,7.2622
0,C,10.3520,19.5790,7.2512
0,C,10.3708,19.6216,7.2403
0,C,10.3896,19.6633,7.2296
0,C,10.4084,19.7043,7.2190
0,C,10.4271,19.7443,7.2086
0,C,10.4459,19.7835,7.1983
0,C,10.4647,19.8218,7.1883
0,C,10.4835,19.8591,7.1785
0,C,10.5023,19.8954,7.1688
0,C,10.5211,19.9307,7.1594
0,C,10.5399,19.9650,7.1502
0,C,10.5587,19.9983,7.1413
0,C,10.5774,20.0305,7.1326
0,C,10.5962,20.0616,7.1241
0,C,10.6150,20.0916,7.1159
0,C,10.6338,20.1206,7.1080
0,C,10.6526,20.1484,7.1003
0,C,10.6714,20.1751,7.0929
0,C,10.6902,20.2007,7.0858
0,C,10.7090,20.2252,7.0790
0,C,10.7277,20.2485,7.0725
0,C,10.7465,20.2706,7.0663
0,C,10.7653,20.2917,7.0603
0,C,10.7841,20.3115,7.0547
0,C,10.8029,20.3303,7.0494
0,C,10.8217,20.3479,7.0443
0,C,10.8405,20.3645,7.0396
0,C,10.8593,20.3799,7.0352
0,C,10.8780,20.3942,7.0311
0,C,10.8968,20.4075,7.0272
0,C,10.9156,20.4197,7.0237
0,C,10.9344,20.4308,7.0204
0,C,10.9532,20.4410,7.0175
0,C,10.9720,20.4502,7.0148
0,C,10.9908,20.4585,7.0123
0,C,11.0096,20.4658,7.0102
0,C,11.0283,20.4723,7.0083
0,C,11.0471,20.4780,7.0066
0,C,11.0659,20.4828,7.0052
0,C,11.0847,20.4869,7.0039
0,C,11.1035,20.4904,7.0029
0,C,11.1223,20.4932,7.0021
0,C,11.1411,20.4954,7.0014
0,C,11.1599,20.4970,7.0009
0,C,11.1786,20.4983,7.0005
0,C,11.1974,20.4991,7.0003
0,C,11.2162,20.4996,7.0001
0,C,11.2350,20.4999,7.0000
0,C,11.2538,20.5000,7.0000
0,C,11.2726,20.5000,7.0000
0,D,0.0000,1.5000,7.0000
0,D,0.0175,1.5000,7.0000
0,D,0.0349,1.5000,7.0000
0,D,0.0524,1.5000,7.0001
0,D,0.0699,1.5001,7.0001
0,D,0.0873,1.5002,7.0003
0,D,0.1048,1.5003,7.0005
0,D,0.1222,1.5005,7.0008
0,D,0.1397,1.5007,7.0012
0,D,0.1572,1.5010,7.0017
0,D,0.1746,1.5013,7.0023
0,D,0.1921,1.5018,7.0030
0,D,0.2096,1.5023,7.0040
0,D,0.2270,1.5029,7.0050
0,D,0.2445,1.5037,7.0063
0,D,0.2619,1.5045,7.0077
0,D,0.2794,1.5055,7.0094
0,D,0.2969,1.5066,7.0112
0,D,0.3143,1.5078,7.0133
0,D,0.3318,1.5091,7.0157
0,D,0.3493,1.5107,7.0183
0,D,0.3667,1.5124,7.0212
0,D,0.3842,1.5142,7.0243
0,D,0.4016,1.5162,7.0278
0,D,0.4191,1.5184,7.0316
0,D,0.4366,1.5208,7.0357
0,D,0.4540,1.5234,7.0402
0,D,0.4715,1.5263,7.0450
0,D,0.4890,1.5293,7.0502
0,D,0.5064,1.5325,7.0558
0,D,0.5239,1.5360,7.0617
0,D,0.5413,1.5397,7.0681
0,D,0.5588,1.5437,7.0749
0,D,0.5763,1.5479,7.0822
0,D,0.5937,1.5524,7.0898
0,D,0.6112,1.5572,7.0980
0,D,0.6287,1.5622,7.1067
0,D,0.6461,1.5676,7.1158
0,D,0.6636,1.5732,7.1254
0,D,0.6810,1.5791,7.1354
0,D,0.6985,1.5853,7.1459
0,D,0.7160,1.5918,7.1569
0,D,0.7334,1.5987,7.1683
0,D,0.7509,1.6058,7.1802
0,D,0.7684,1.6133,7.1925
0,D,0.7858,1.6211,7.2052
0,D,0.8033,1.6292,7.2183
0,D,0.8207,1.6377,7.2319
0,D,0.8382,1.6465,7.2458
0,D,0.8557,1.6557,7.2602
0,D,0.8731,1.6652,7.2749
0,D,0.8906,1.6750,7.2901
0,D,0.9081,1.6852,7.3056
0,D,0.9255,1.6958,7.3215
0,D,0.9430,1.7068,7.3377
0,D,0.9604,1.7181,7.3543
0,D,0.9779,1.7298,7.3713
0,D,0.9954,1.7420,7.3886
0,D,1.0128,1.7544,7.4062
0,D,1.0303,1.7673,7.4242
0,D,1.0478,1.7806,7.4425
0,D,1.0652,1.7943,7.4611
0,D,1.0827,1.8084,7.4800
0,D,1.1001,1.8230,7.4993
0,D,1.1176,1.8379,7.5188
0,D,1.1351,1.8533,7.5386
0,D,1.1525,1.8691,7.5588
0,D,1.1700,1.8853,7.5792
0,D,1.1875,1.9020,7.5998
0,D,1.2049,1.9191,7.6207
0,D,1.2224,1.9367,7.6419
0,D,1.2398,1.9548,7.6634
0,D,1.2573,1.9733,7.6851
0,D,1.2748,1.9922,7.7070
0,D,1.2922,2.0116,7.7291
0,D,1.3097,2.0315,7.7514
0,D,1.3272,2.0519,7.7739
0,D,1.3446,2.0727,7.7966
0,D,1.3621,2.0939,7.8194
0,D,1.3795,2.1156,7.8424
0,D,1.3970,2.1378,7.8655
0,D,1.4145,2.1605,7.8886
0,D,1.4319,2.1836,7.9119
0,D,1.4494,2.2072,7.9353
0,D,1.4669,2.2312,7.9587
0,D,1.4843,2.2557,7.9822
0,D,1.5018,2.2807,8.0057
0,D,1.5192,2.3061,8.0292
0,D,1.5367,2.3321,8.0528
0,D,1.5542,2.3584,8.0763
0,D,1.5716,2.3853,8.0998
0,D,1.5891,2.4126,8.1233
0,D,1.6066,2.4404,8.1467
0,D,1.6240,2.4686,8.1700
0,D,1.6415,2.4973,8.1932
0,D,1.6589,2.5265,8.2164
0,D,1.6764,2.5561,8.2394
0,D,1.6939,2.5863,8.2623
0,D,1.7113,2.6168,8.2851
0,D,1.7288,2.6479,8.3077
0,D,1.7463,2.6794,8.3301
0,D,1.7637,2.7114,8.3524
0,D,1.7812,2.7439,8.3744
0,D,1.7986,2.7769,8.3962
0,D,1.8161,2.8103,8.4178
0,D,1.8336,2.8442,8.4391
0,D,1.8510,2.8786,8.4602
0,D,1.8685,2.9134,8.4810
0,D,1.8860,2.9487,8.5015
0,D,1.9034,2.9845,8.5217
0,D,1.9209,3.0207,8.5416
0,D,1.9383,3.0574,8.5612
0,D,1.9558,3.0945,8.5804
0,D,1.9733,3.1320,8.5993
0,D,1.9907,3.1700,8.6179
0,D,2.0082,3.2085,8.6361
0,D,2.0257,3.2473,8.6539
0,D,2.0431,3.2865,8.6713
0,D,2.0606,3.3262,8.6883
0,D,2.0780,3.3663,8.7049
0,D,2.0955,3.4067,8.7212
0,D,2.1130,3.4476,8.7369
0,D,2.1304,3.4888,8.7523
0,D,2.1479,3.5304,8.7672
0,D,2.1654,3.5724,8.7816
0,D,2.1828,3.6148,8.7955
0,D,2.2003,3.6575,8.8090
0,D,2.2177,3.7006,8.8220
0,D,2.2352,3.7440,8.8345
0,D,2.2527,3.7878,8.8464
0,D,2.2701,3.8319,8.8578
0,D,2.2876,3.8764,8.8687
0,D,2.3051,3.9212,8.8791
0,D,2.3225,3.9663,8.8889
0,D,2.3400,4.0117,8.8981
0,D,2.3574,4.0574,8.9067
0,D,2.3749,4.1035,8.9148
0,D,2.3924,4.1498,8.9222
0,D,2.4098,4.1964,8.9291
0,D,2.4273,4.2433,8.9353
0,D,2.4448,4.2905,8.9409
0,D,2.4622,4.3380,8.9458
0,D,2.4797,4.3857,8.9501
0,D,2.4971,4.4337,8.9537
0,D,2.5146,4.4820,8.9567
0,D,2.5321,4.5304,8.9590
0,D,2.5495,4.5791,8.9608
0,D,2.5670,4.6281,8.9618
0,D,2.5845,4.6772,8.9623
0,D,2.6019,4.7265,8.9621
0,D,2.6194,4.7760,8.9613
0,D,2.6368,4.8257,8.9599
0,D,2.6543,4.8755,8.9580
0,D,2.6718,4.9255,8.9554
0,D,2.6892,4.9756,8.9522
0,D,2.7067,5.0258,8.9484
0,D,2.7242,5.0761,8.9441
0,D,2.7416,5.1266,8.9392
0,D,2.7591,5.1771,8.9337
0,D,2.7765,5.2277,8.9276
0,D,2.7940,5.2784,8.9210
0,D,2.8115,5.3291,8.9138
0,D,2.8289,5.3799,8.9061
0,D,2.8464,5.4307,8.8979
0,D,2.8639,5.4816,8.8891
0,D,2.8813,5.5324,8.8798
0,D,2.8988,5.5833,8.8700
0,D,2.9162,5.6341,8.8596
0,D,2.9337,5.6849,8.8487
0,D,2.9512,5.7357,8.8374
0,D,2.9686,5.7865,8.8255
0,D,2.9861,5.8371,8.8131
0,D,3.0036,5.8878,8.8002
0,D,3.0210,5.9383,8.7869
0,D,3.0385,5.9887,8.7731
0,D,3.0559,6.0391,8.7588
0,D,3.0734,6.0893,8.7440
0,D,3.0909,6.1394,8.7288
0,D,3.1083,6.1894,8.7131
0,D,3.1258,6.2393,8.6970
0,D,3.1433,6.2890,8.6805
0,D,3.1607,6.3386,8.6636
0,D,3.1782,6.3880,8.6463
0,D,3.1956,6.4373,8.6287
0,D,3.2131,6.4865,8.6108
0,D,3.2306,6.5355,8.5926
0,D,3.2480,6.5844,8.5741
0,D,3.2655,6.6331,8.5553
0,D,3.2830,6.6817,8.5363
0,D,3.3004,6.7301,8.5172
0,D,3.3179,6.7784,8.4978
0,D,3.3353,6.8265,8.4782
0,D,3.3528,6.8744,8.4585
0,D,3.3703,6.9222,8.4387
0,D,3.3877,6.9699,8.4188
0,D,3.4052,7.0174,8.3988
0,D,3.4227,7.0647,8.3787
0,D,3.4401,7.1118,8.3586
0,D,3.4576,7.1588,8.3385
0,D,3.4750,7.2056,8.3184
0,D,3.4925,7.2523,8.2983
0,D,3.5100,7.2987,8.2782
0,D,3.5274,7.3450,8.2583
0,D,3.5449,7.3911,8.2384
0,D,3.5624,7.4371,8.2186
0,D,3.5798,7.4828,8.1990
0,D,3.5973,7.5284,8.1795
0,D,3.6147,7.5738,8.1602
0,D,3.6322,7.6190,8.1411
0,D,3.6497,7.6640,8.1222
0,D,3.6671,7.7088,8.1036
0,D,3.6846,7.7534,8.0852
0,D,3.7021,7.7979,8.0671
0,D,3.7195,7.8421,8.0493
0,D,3.7370,7.8861,8.0318
0,D,3.7544,7.9300,8.0147
0,D,3.7719,7.9736,7.9979
0,D,3.7894,8.0171,7.9815
0,D,3.8068,8.0604,7.9655
0,D,3.8243,8.1035,7.9498
0,D,3.8418,8.1465,7.9346
0,D,3.8592,8.1892,7.9198
0,D,3.8767,8.2318,7.9054
0,D,3.8941,8.2743,7.8915
0,D,3.9116,8.3165,7.8781
0,D,3.9291,8.3586,7.8652
0,D,3.9465,8.4005,7.8527
0,D,3.9640,8.4423,7.8408
0,D,3.9815,8.4839,7.8294
0,D,3.9989,8.5254,7.8186
0,D,4.0164,8.5667,7.8083
0,D,4.0338,8.6078,7.7986
0,D,4.0513,8.6489,7.7895
0,D,4.0688,8.6897,7.7810
0,D,4.0862,8.7305,7.7731
0,D,4.1037,8.7710,7.7659
0,D,4.1212,8.8115,7.7593
0,D,4.1386,8.8518,7.7534
0,D,4.1561,8.8920,7.7482
0,D,4.1735,8.9321,7.7437
0,D,4.1910,8.9720,7.7399
0,D,4.2085,9.0118,7.7368
0,D,4.2259,9.0515,7.7345
0,D,4.2434,9.0911,7.7330
0,D,4.2609,9.1306,7.7322
0,D,4.2783,9.1699,7.7322
0,D,4.2958,9.2091,7.7330
0,D,4.3132,9.2483,7.7346
0,D,4.3307,9.2873,7.7371
0,D,4.3482,9.3262,7.7404
0,D,4.3656,9.3650,7.7445
0,D,4.3831,9.4038,7.7494
0,D,4.4006,9.4424,7.7551
0,D,4.4180,9.4809,7.7616
0,D,4.4355,9.5194,7.7688
0,D,4.4529,9.5577,7.7768
0,D,4.4704,9.5960,7.7855
0,D,4.4879,9.6342,7.7949
0,D,4.5053,9.6723,7.8050
0,D,4.5228,9.7103,7.8158
0,D,4.5403,9.7482,7.8273
0,D,4.5577,9.7861,7.8395
0,D,4.5752,9.8239,7.8523
0,D,4.5926,9.8616,7.8657
0,D,4.6101,9.8993,7.8798
0,D,4.6276,9.9368,7.8945
0,D,4.6450,9.9744,7.9097
0,D,4.6625,10.0118,7.9256
0,D,4.6800,10.0492,7.9420
0,D,4.6974,10.0866,7.9590
0,D,4.7149,10.1238,7.9765
0,D,4.7323,10.1611,7.9946
0,D,4.7498,10.1983,8.0131
0,D,4.7673,10.2354,8.0322
0,D,4.7847,10.2725,8.0518
0,D,4.8022,10.3095,8.0718
0,D,4.8197,10.3465,8.0923
0,D,4.8371,10.3834,8.1132
0,D,4.8546,10.4204,8.1346
0,D,4.8720,10.4572,8.1564
0,D,4.8895,10.4941,8.1786
0,D,4.9070,10.5309,8.2012
0,D,4.9244,10.5677,8.2242
0,D,4.9419,10.6044,8.2476
0,D,4.9594,10.6412,8.2713
0,D,4.9768,10.6779,8.2953
0,D,4.9943,10.7146,8.3196
0,D,5.0117,10.7512,8.3442
0,D,5.0292,10.7879,8.3691
0,D,5.0467,10.8245,8.3942
0,D,5.0641,10.8611,8.4195
0,D,5.0816,10.8977,8.4449
0,D,5.0991,10.9343,8.4706
0,D,5.1165,10.9708,8.4964
0,D,5.1340,11.0073,8.5223
0,D,5.1514,11.0439,8.5483
0,D,5.1689,11.0804,8.5744
0,D,5.1864,11.1169,8.6005
0,D,5.2038,11.1534,8.6267
0,D,5.2213,11.1899,8.6529
0,D,5.2388,11.2264,8.6790
0,D,5.2562,11.2628,8.7051
0,D,5.2737,11.2993,8.7311
0,D,5.2911,11.3358,8.7571
0,D,5.3086,11.3723,8.7829
0,D,5.3261,11.4087,8.8086
0,D,5.3435,11.4452,8.8342
0,D,5.3610,11.4817,8.8596
0,D,5.3785,11.5181,8.8847
0,D,5.3959,11.5546,8.9097
0,D,5.4134,11.5911,8.9344
0,D,5.4308,11.6276,8.9588
0,D,5.4483,11.6641,8.9829
0,D,5.4658,11.7006,9.0067
0,D,5.4832,11.7371,9.0302
0,D,5.5007,11.7736,9.0533
0,D,5.5182,11.8101,9.0761
0,D,5.5356,11.8467,9.0984
0,D,5.5531,11.8832,9.1203
0,D,5.5705,11.9198,9.1417
0,D,5.5880,11.9564,9.1627
0,D,5.6055,11.9930,9.1832
0,D,5.6229,12.0296,9.2032
0,D,5.6404,12.0663,9.2227
0,D,5.6579,12.1029,9.2417
0,D,5.6753,12.1396,9.2602
0,D,5.6928,12.1762,9.2781
0,D,5.7102,12.2129,9.2955
0,D,5.7277,12.2496,9.3123
0,D,5.7452,12.2863,9.3285
0,D,5.7626,12.3230,9.3441
0,D,5.7801,12.3597,9.3591
0,D,5.7976,12.3964,9.3735
0,D,5.8150,12.4331,9.3873
0,D,5.8325,12.4699,9.4004
0,D,5.8499,12.5066,9.4129
0,D,5.8674,12.5433,9.4247
0,D,5.8849,12.5801,9.4358
0,D,5.9023,12.6168,9.4462
0,D,5.9198,12.6536,9.4559
0,D,5.9373,12.6904,9.4649
0,D,5.9547,12.7271,9.4731
0,D,5.9722,12.7639,9.4806
0,D,5.9896,12.8006,9.4874
0,D,6.0071,12.8374,9.4933
0,D,6.0246,12.8742,9.4985
0,D,6.0420,12.9109,9.5028
0,D,6.0595,12.9477,9.5064
0,D,6.0770,12.9844,9.5091
0,D,6.0944,13.0212,9.5110
0,D,6.1119,13.0579,9.5120
0,D,6.1293,13.0947,9.5122
0,D,6.1468,13.1314,9.5115
0,D,6.1643,13.1682,9.5098
0,D,6.1817,13.2049,9.5073
0,D,6.1992,13.2416,9.5039
0,D,6.2167,13.2784,9.4996
0,D,6.2341,13.3151,9.4945
0,D,6.2516,13.3518,9.4884
0,D,6.2690,13.3884,9.4816
0,D,6.2865,13.4251,9.4738
0,D,6.3040,13.4617,9.4653
0,D,6.3214,13.4984,9.4559
0,D,6.3389,13.5350,9.4457
0,D,6.3564,13.5716,9.4347
0,D,6.3738,13.6081,9.4230
0,D,6.3913,13.6446,9.4104
0,D,6.4087,13.6811,9.3971
0,D,6.4262,13.7176,9.3830
0,D,6.4437,13.7541,9.3682
0,D,6.4611,13.7905,9.3526
0,D,6.4786,13.8268,9.3363
0,D,6.4961,13.8631,9.3192
0,D,6.5135,13.8994,9.3015
0,D,6.5310,13.9357,9.2831
0,D,6.5484,13.9719,9.2640
0,D,6.5659,14.0080,9.2442
0,D,6.5834,14.0441,9.2237
0,D,6.6008,14.0802,9.2026
0,D,6.6183,14.1162,9.1808
0,D,6.6358,14.1522,9.1584
0,D,6.6532,14.1881,9.1354
0,D,6.6707,14.2239,9.1118
0,D,6.6881,14.2597,9.0875
0,D,6.7056,14.2954,9.0627
0,D,6.7231,14.3311,9.0373
0,D,6.7405,14.3667,9.0113
0,D,6.7580,14.4023,8.9847
0,D,6.7755,14.4377,8.9576
0,D,6.7929,14.4731,8.9300
0,D,6.8104,14.5085,8.9018
0,D,6.8278,14.5438,8.8731
0,D,6.8453,14.5790,8.8440
0,D,6.8628,14.6142,8.8143
0,D,6.8802,14.6494,8.7843
0,D,6.8977,14.6846,8.7539
0,D,6.9152,14.7197,8.7230
0,D,6.9326,14.7549,8.6918
0,D,6.9501,14.7901,8.6603
0,D,6.9675,14.8253,8.6284
0,D,6.9850,14.8605,8.5963
0,D,7.0025,14.8958,8.5638
0,D,7.0199,14.9311,8.5312
0,D,7.0374,14.9665,8.4983
0,D,7.0549,15.0019,8.4652
0,D,7.0723,15.0374,8.4319
0,D,7.0898,15.0730,8.3984
0,D,7.1072,15.1087,8.3648
0,D,7.1247,15.1445,8.3311
0,D,7.1422,15.1805,8.2973
0,D,7.1596,15.2165,8.2635
0,D,7.1771,15.2527,8.2296
0,D,7.1946,15.2890,8.1957
0,D,7.2120,15.3254,8.1617
0,D,7.2295,15.3621,8.1278
0,D,7.2469,15.3989,8.0940
0,D,7.2644,15.4358,8.0602
0,D,7.2819,15.4730,8.0265
0,D,7.2993,15.5103,7.9929
0,D,7.3168,15.5479,7.9595
0,D,7.3343,15.5857,7.9262
0,D,7.3517,15.6237,7.8931
0,D,7.3692,15.6619,7.8602
0,D,7.3866,15.7004,7.8275
0,D,7.4041,15.7391,7.7951
0,D,7.4216,15.7781,7.7629
0,D,7.4390,15.8173,7.7311
0,D,7.4565,15.8568,7.6995
0,D,7.4740,15.8965,7.6682
0,D,7.4914,15.9364,7.6372
0,D,7.5089,15.9766,7.6065
0,D,7.5263,16.0169,7.5761
0,D,7.5438,16.0575,7.5461
0,D,7.5613,16.0983,7.5164
0,D,7.5787,16.1392,7.4870
0,D,7.5962,16.1804,7.4580
0,D,7.6137,16.2217,7.4294
0,D,7.6311,16.2632,7.4011
0,D,7.6486,16.3049,7.3733
0,D,7.6660,16.3467,7.3458
0,D,7.6835,16.3887,7.3187
0,D,7.7010,16.4308,7.2920
0,D,7.7184,16.4730,7.2657
0,D,7.7359,16.5154,7.2399
0,D,7.7534,16.5579,7.2145
0,D,7.7708,16.6006,7.1896
0,D,7.7883,16.6433,7.1651
0,D,7.8057,16.6862,7.1410
0,D,7.8232,16.7291,7.1175
0,D,7.8407,16.7721,7.0944
0,D,7.8581,16.8153,7.0718
0,D,7.8756,16.8584,7.0497
0,D,7.8931,16.9017,7.0281
0,D,7.9105,16.9450,7.0070
0,D,7.9280,16.9884,6.9865
0,D,7.9454,17.0319,6.9664
0,D,7.9629,17.0753,6.9470
0,D,7.9804,17.1188,6.9280
0,D,7.9978,17.1624,6.9097
0,D,8.0153,17.2060,6.8919
0,D,8.0328,17.2495,6.8746
0,D,8.0502,17.2931,6.8580
0,D,8.0677,17.3367,6.8419
0,D,8.0851,17.3803,6.8264
0,D,8.1026,17.4238,6.8114
0,D,8.1201,17.4674,6.7970
0,D,8.1375,17.5108,6.7831
0,D,8.1550,17.5543,6.7697
0,D,8.1725,17.5977,6.7569
0,D,8.1899,17.6410,6.7447
0,D,8.2074,17.6843,6.7329
0,D,8.2248,17.7274,6.7217
0,D,8.2423,17.7705,6.7109
0,D,8.2598,17.8135,6.7007
0,D,8.2772,17.8564,6.6910
0,D,8.2947,17.8992,6.6818
0,D,8.3122,17.9418,6.6731
0,D,8.3296,17.9843,6.6648
0,D,8.3471,18.0267,6.6571
0,D,8.3645,18.0689,6.6498
0,D,8.3820,18.1110,6.6430
0,D,8.3995,18.1529,6.6366
0,D,8.4169,18.1946,6.6308
0,D,8.4344,18.2362,6.6253
0,D,8.4519,18.2775,6.6204
0,D,8.4693,18.3187,6.6158
0,D,8.4868,18.3596,6.6118
0,D,8.5042,18.4004,6.6081
0,D,8.5217,18.4409,6.6049
0,D,8.5392,18.4811,6.6021
0,D,8.5566,18.5211,6.5997
0,D,8.5741,18.5609,6.5978
0,D,8.5916,18.6004,6.5962
0,D,8.6090,18.6396,6.5950
0,D,8.6265,18.6786,6.5943
0,D,8.6439,18.7173,6.5939
0,D,8.6614,18.7556,6.5940
0,D,8.6789,18.7937,6.5944
0,D,8.6963,18.8315,6.5951
0,D,8.7138,18.8690,6.5963
0,D,8.7313,18.9061,6.5977
0,D,8.7487,18.9429,6.5995
0,D,8.7662,18.9794,6.6016
0,D,8.7836,19.0156,6.6040
0,D,8.8011,19.0514,6.6068
0,D,8.8186,19.0868,6.6098
0,D,8.8360,19.1219,6.6131
0,D,8.8535,19.1567,6.6166
0,D,8.8710,19.1911,6.6205
0,D,8.8884,19.2251,6.6245
0,D,8.9059,19.2587,6.6289
0,D,8.9233,19.2920,6.6334
0,D,8.9408,19.3249,6.6382
0,D,8.9583,19.3573,6.6431
0,D,8.9757,19.3894,6.6483
0,D,8.9932,19.4211,6.6536
0,D,9.0107,19.4523,6.6592
0,D,9.0281,19.4832,6.6649
0,D,9.0456,19.5136,6.6707
0,D,9.0630,19.5436,6.6767
0,D,9.0805,19.5731,6.6828
0,D,9.0980,19.6022,6.6891
0,D,9.1154,19.6308,6.6955
0,D,9.1329,19.6590,6.7019
0,D,9.1504,19.6868,6.7085
0,D,9.1678,19.7140,6.7151
0,D,9.1853,19.7408,6.7219
0,D,9.2027,19.7672,6.7286
0,D,9.2202,19.7930,6.7355
0,D,9.2377,19.8183,6.7423
0,D,9.2551,19.8432,6.7493
0,D,9.2726,19.8675,6.7562
0,D,9.2901,19.8914,6.7631
0,D,9.3075,19.9147,6.7701
0,D,9.3250,19.9376,6.7770
0,D,9.3424,19.9600,6.7840
0,D,9.3599,19.9818,6.7909
0,D,9.3774,20.0032,6.7979
0,D,9.3948,20.0241,6.8048
0,D,9.4123,20.0445,6.8116
0,D,9.4298,20.0645,6.8185
0,D,9.4472,20.0839,6.8253
0,D,9.4647,20.1028,6.8320
0,D,9.4821,20.1213,6.8387
0,D,9.4996,20.1393,6.8453
0,D,9.5171,20.1568,6.8519
0,D,9.5345,20.1738,6.8583
0,D,9.5520,20.1904,6.8647
0,D,9.5695,20.2064,6.8710
0,D,9.5869,20.2220,6.8772
0,D,9.6044,20.2371,6.8833
0,D,9.6218,20.2518,6.8893
0,D,9.6393,20.2659,6.8951
0,D,9.6568,20.2796,6.9009
0,D,9.6742,20.2929,6.9065
0,D,9.6917,20.3056,6.9120
0,D,9.7092,20.3179,6.9173
0,D,9.7266,20.3298,6.9225
0,D,9.7441,20.3411,6.9275
0,D,9.7615,20.3520,6.9324
0,D,9.7790,20.3624,6.9370
0,D,9.7965,20.3724,6.9416
0,D,9.8139,20.3819,6.9459
0,D,9.8314,20.3910,6.9500
0,D,9.8489,20.3996,6.9539
0,D,9.8663,20.4077,6.9577
0,D,9.8838,20.4154,6.9612
0,D,9.9012,20.4226,6.9645
0,D,9.9187,20.4295,6.9677
0,D,9.9362,20.4359,6.9706
0,D,9.9536,20.4419,6.9733
0,D,9.9711,20.4475,6.9759
0,D,9.9886,20.4527,6.9783
0,D,10.0060,20.4576,6.9806
0,D,10.0235,20.4622,6.9827
0,D,10.0409,20.4664,6.9846
0,D,10.0584,20.4702,6.9864
0,D,10.0759,20.4738,6.9880
0,D,10.0933,20.4771,6.9895
0,D,10.1108,20.4801,6.9909
0,D,10.1283,20.4828,6.9921
0,D,10.1457,20.4852,6.9932
0,D,10.1632,20.4874,6.9942
0,D,10.1806,20.4894,6.9952
0,D,10.1981,20.4912,6.9960
0,D,10.2156,20.4927,6.9967
0,D,10.2330,20.4941,6.9973
0,D,10.2505,20.4953,6.9978
0,D,10.2680,20.4963,6.9983
0,D,10.2854,20.4971,6.9987
0,D,10.3029,20.4978,6.9990
0,D,10.3203,20.4984,6.9993
0,D,10.3378,20.4989,6.9995
0,D,10.3553,20.4993,6.9997
0,D,10.3727,20.4995,6.9998
0,D,10.3902,20.4997,6.9999
0,D,10.4077,20.4999,6.9999
0,D,10.4251,20.4999,7.0000
0,D,10.4426,20.5000,7.0000
0,D,10.4600,20.5000,7.0000
0,D,10.4775,20.5000,7.0000
1,A,0.0000,1.5000,7.0000
1,A,0.0134,1.5000,7.0000
1,A,0.0267,1.5000,7.0000
1,A,0.0401,1.5001,7.0000
1,A,0.0535,1.5003,7.0000
1,A,0.0668,1.5005,7.0001
1,A,0.0802,1.5009,7.0001
1,A,0.0936,1.5014,7.0002
1,A,0.1069,1.5020,7.0003
1,A,0.1203,1.5029,7.0004
1,A,0.1337,1.5039,7.0005
1,A,0.1471,1.5052,7.0007
1,A,0.1604,1.5067,7.0008
1,A,0.1738,1.5084,7.0010
1,A,0.1872,1.5105,7.0013
1,A,0.2005,1.5128,7.0016
1,A,0.2139,1.5154,7.0019
1,A,0.2273,1.5183,7.0022
1,A,0.2406,1.5215,7.0026
1,A,0.2540,1.5251,7.0030
1,A,0.2674,1.5291,7.0034
1,A,0.2807,1.5334,7.0039
1,A,0.2941,1.5381,7.0045
1,A,0.3075,1.5432,7.0050
1,A,0.3208,1.5487,7.0056
1,A,0.3342,1.5547,7.0062
1,A,0.3476,1.5610,7.0069
1,A,0.3610,1.5678,7.0076
1,A,0.3743,1.5750,7.0084
1,A,0.3877,1.5827,7.0092
1,A,0.4011,1.5908,7.0100
1,A,0.4144,1.5994,7.0108
1,A,0.4278,1.6084,7.0117
1,A,0.4412,1.6180,7.0127
1,A,0.4545,1.6280,7.0136
1,A,0.4679,1.6385,7.0146
1,A,0.4813,1.6495,7.0156
1,A,0.4946,1.6610,7.0167
1,A,0.5080,1.6730,7.0178
1,A,0.5214,1.6855,7.0189
1,A,0.5347,1.6985,7.0201
1,A,0.5481,1.7120,7.0213
1,A,0.5615,1.7260,7.0225
1,A,0.5748,1.7406,7.0237
1,A,0.5882,1.7556,7.0250
1,A,0.6016,1.7712,7.0263
1,A,0.6150,1.7873,7.0276
1,A,0.6283,1.8039,7.0289
1,A,0.6417,1.8210,7.0302
1,A,0.6551,1.8386,7.0316
1,A,0.6684,1.8567,7.0330
1,A,0.6818,1.8754,7.0344
1,A,0.6952,1.8946,7.0358
1,A,0.7085,1.9142,7.0373
1,A,0.7219,1.9344,7.0387
1,A,0.7353,1.9551,7.0402
1,A,0.7486,1.9763,7.0416
1,A,0.7620,1.9979,7.0431
1,A,0.7754,2.0201,7.0446
1,A,0.7887,2.0428,7.0461
1,A,0.8021,2.0659,7.0476
1,A,0.8155,2.0895,7.0491
1,A,0.8289,2.1137,7.0506
1,A,0.8422,2.1382,7.0521
1,A,0.8556,2.1633,7.0536
1,A,0.8690,2.1888,7.0551
1,A,0.8823,2.2147,7.0565
1,A,0.8957,2.2412,7.0580
1,A,0.9091,2.2680,7.0595
1,A,0.9224,2.2953,7.0610
1,A,0.9358,2.3231,7.0624
1,A,0.9492,2.3512,7.0639
1,A,0.9625,2.3798,7.0653
1,A,0.9759,2.4088,7.0667
1,A,0.9893,2.4382,7.0681
1,A,1.0026,2.4680,7.0695
1,A,1.0160,2.4982,7.0709
1,A,1.0294,2.5287,7.0722
1,A,1.0427,2.5597,7.0736
1,A,1.0561,2.5910,7.0749
1,A,1.0695,2.6227,7.0761
1,A,1.0829,2.6547,7.0774
1,A,1.0962,2.6871,7.0786
1,A,1.1096,2.7199,7.0798
1,A,1.1230,2.7529,7.0810
1,A,1.1363,2.7863,7.0821
1,A,1.1497,2.8200,7.0832
1,A,1.1631,2.8540,7.0843
1,A,1.1764,2.8883,7.0854
1,A,1.1898,2.9229,7.0864
1,A,1.2032,2.9577,7.0873
1,A,1.2165,2.9929,7.0883
1,A,1.2299,3.0283,7.0892
1,A,1.2433,3.0640,7.0900
1,A,1.2566,3.0999,7.0909
1,A,1.2700,3.1361,7.0916
1,A,1.2834,3.1725,7.0924
1,A,1.2968,3.2091,7.0930
1,A,1.3101,3.2459,7.0937
1,A,1.3235,3.2830,7.0943
1,A,1.3369,3.3202,7.0949
1,A,1.3502,3.3577,7.0954
1,A,1.3636,3.3953,7.0958
1,A,1.3770,3.4331,7.0962
1,A,1.3903,3.4711,7.0966
1,A,1.4037,3.5092,7.0969
1,A,1.4171,3.5475,7.0972
1,A,1.4304,3.5860,7.0974
1,A,1.4438,3.6246,7.0976
1,A,1.4572,3.6633,7.0977
1,A,1.4705,3.7021,7.0977
1,A,1.4839,3.7411,7.0977
1,A,1.4973,3.7802,7.0977
1,A,1.5106,3.8194,7.0976
1,A,1.5240,3.8587,7.0974
1,A,1.5374,3.8981,7.0972
1,A,1.5508,3.9375,7.0970
1,A,1.5641,3.9771,7.0966
1,A,1.5775,4.0167,7.0963
1,A,1.5909,4.0564,7.0959
1,A,1.6042,4.0962,7.0954
1,A,1.6176,4.1360,7.0948
1,A,1.6310,4.1759,7.0942
1,A,1.6443,4.2158,7.0936
1,A,1.6577,4.2558,7.0929
1,A,1.6711,4.2958,7.0921
1,A,1.6844,4.3358,7.0913
1,A,1.6978,4.3759,7.0905
1,A,1.7112,4.4160,7.0895
1,A,1.7245,4.4562,7.0886
1,A,1.7379,4.4963,7.0875
1,A,1.7513,4.5365,7.0864
1,A,1.7647,4.5767,7.0853
1,A,1.7780,4.6169,7.0841
1,A,1.7914,4.6571,7.0829
1,A,1.8048,4.6973,7.0816
1,A,1.8181,4.7376,7.0802
1,A,1.8315,4.7778,7.0788
1,A,1.8449,4.8180,7.0774
1,A,1.8582,4.8583,7.0759
1,A,1.8716,4.8985,7.0743
1,A,1.8850,4.9388,7.0727
1,A,1.8983,4.9790,7.0711
1,A,1.9117,5.0192,7.0694
1,A,1.9251,5.0594,7.0676
1,A,1.9384,5.0997,7.0659
1,A,1.9518,5.1399,7.0640
1,A,1.9652,5.1801,7.0621
1,A,1.9785,5.2203,7.0602
1,A,1.9919,5.2605,7.0583
1,A,2.0053,5.3007,7.0563
1,A,2.0187,5.3409,7.0542
1,A,2.0320,5.3811,7.0521
1,A,2.0454,5.4212,7.0500
1,A,2.0588,5.4614,7.0479
1,A,2.0721,5.5016,7.0457
1,A,2.0855,5.5417,7.0435
1,A,2.0989,5.5819,7.0412
1,A,2.1122,5.6220,7.0389
1,A,2.1256,5.6622,7.0366
1,A,2.1390,5.7023,7.0342
1,A,2.1523,5.7424,7.0319
1,A,2.1657,5.7826,7.0295
1,A,2.1791,5.8227,7.0270
1,A,2.1924,5.8628,7.0246
1,A,2.2058,5.9029,7.0221
1,A,2.2192,5.9430,7.0196
1,A,2.2326,5.9831,7.0171
1,A,2.2459,6.0232,7.0146
1,A,2.2593,6.0634,7.0121
1,A,2.2727,6.1035,7.0095
1,A,2.2860,6.1436,7.0069
1,A,2.2994,6.1837,7.0044
1,A,2.3128,6.2238,7.0018
1,A,2.3261,6.2639,6.9992
1,A,2.3395,6.3040,6.9966
1,A,2.3529,6.3441,6.9940
1,A,2.3662,6.3841,6.9914
1,A,2.3796,6.4242,6.9888
1,A,2.3930,6.4643,6.9863
1,A,2.4063,6.5044,6.9837
1,A,2.4197,6.5445,6.9811
1,A,2.4331,6.5846,6.9785
1,A,2.4464,6.6247,6.9760
1,A,2.4598,6.6648,6.9734
1,A,2.4732,6.7049,6.9709
1,A,2.4866,6.7450,6.9684
1,A,2.4999,6.7852,6.9659
1,A,2.5133,6.8253,6.9634
1,A,2.5267,6.8654,6.9609
1,A,2.5400,6.9055,6.9585
1,A,2.5534,6.9456,6.9561
1,A,2.5668,6.9857,6.9537
1,A,2.5801,7.0258,6.9513
1,A,2.5935,7.0660,6.9490
1,A,2.6069,7.1061,6.9467
1,A,2.6202,7.1462,6.9445
1,A,2.6336,7.1863,6.9422
1,A,2.6470,7.2265,6.9401
1,A,2.6603,7.2666,6.9379
1,A,2.6737,7.3067,6.9358
1,A,2.6871,7.3469,6.9337
1,A,2.7005,7.3870,6.9317
1,A,2.7138,7.4272,6.9298
1,A,2.7272,7.4673,6.9278
1,A,2.7406,7.5075,6.9260
1,A,2.7539,7.5476,6.9241
1,A,2.7673,7.5878,6.9223
1,A,2.7807,7.6279,6.9206
1,A,2.7940,7.6681,6.9190
1,A,2.8074,7.7083,6.9173
1,A,2.8208,7.7484,6.9158
1,A,2.8341,7.7886,6.9143
1,A,2.8475,7.8288,6.9129
1,A,2.8609,7.8690,6.9115
1,A,2.8742,7.9091,6.9102
1,A,2.8876,7.9493,6.9089
1,A,2.9010,7.9895,6.9078
1,A,2.9143,8.0297,6.9066
1,A,2.9277,8.0699,6.9056
1,A,2.9411,8.1101,6.9046
1,A,2.9545,8.1503,6.9037
1,A,2.9678,8.1905,6.9029
1,A,2.9812,8.2307,6.9021
1,A,2.9946,8.2708,6.9015
1,A,3.0079,8.3110,6.9009
1,A,3.0213,8.3512,6.9003
1,A,3.0347,8.3914,6.8999
1,A,3.0480,8.4316,6.8995
1,A,3.0614,8.4719,6.8992
1,A,3.0748,8.5121,6.8990
1,A,3.0881,8.5523,6.8989
1,A,3.1015,8.5925,6.8988
1,A,3.1149,8.6327,6.8989
1,A,3.1282,8.6729,6.8990
1,A,3.1416,8.7131,6.8992
1,A,3.1550,8.7533,6.8995
1,A,3.1684,8.7935,6.8999
1,A,3.1817,8.8337,6.9004
1,A,3.1951,8.8739,6.9009
1,A,3.2085,8.9141,6.9016
1,A,3.2218,8.9543,6.9023
1,A,3.2352,8.9945,6.9032
1,A,3.2486,9.0347,6.9041
1,A,3.2619,9.0749,6.9051
1,A,3.2753,9.1151,6.9062
1,A,3.2887,9.1552,6.9074
1,A,3.3020,9.1954,6.9087
1,A,3.3154,9.2356,6.9101
1,A,3.3288,9.2758,6.9116
1,A,3.3421,9.3160,6.9132
1,A,3.3555,9.3561,6.9149
1,A,3.3689,9.3963,6.9167
1,A,3.3822,9.4365,6.9186
1,A,3.3956,9.4766,6.9206
1,A,3.4090,9.5168,6.9227
1,A,3.4224,9.5569,6.9249
1,A,3.4357,9.5970,6.9272
1,A,3.4491,9.6372,6.9296
1,A,3.4625,9.6773,6.9321
1,A,3.4758,9.7174,6.9347
1,A,3.4892,9.7575,6.9374
1,A,3.5026,9.7976,6.9402
1,A,3.5159,9.8377,6.9431
1,A,3.5293,9.8778,6.9461
1,A,3.5427,9.9179,6.9493
1,A,3.5560,9.9580,6.9525
1,A,3.5694,9.9980,6.9558
1,A,3.5828,10.0381,6.9593
1,A,3.5961,10.0781,6.9628
1,A,3.6095,10.1181,6.9665
1,A,3.6229,10.1582,6.9703
1,A,3.6363,10.1982,6.9742
1,A,3.6496,10.2382,6.9781
1,A,3.6630,10.2782,6.9822
1,A,3.6764,10.3181,6.9864
1,A,3.6897,10.3581,6.9908
1,A,3.7031,10.3980,6.9952
1,A,3.7165,10.4380,6.9997
1,A,3.7298,10.4779,7.0044
1,A,3.7432,10.5178,7.0091
1,A,3.7566,10.5577,7.0140
1,A,3.7699,10.5976,7.0189
1,A,3.7833,10.6375,7.0240
1,A,3.7967,10.6773,7.0292
1,A,3.8100,10.7171,7.0345
1,A,3.8234,10.7570,7.0399
1,A,3.8368,10.7968,7.0454
1,A,3.8502,10.8366,7.0511
1,A,3.8635,10.8763,7.0568
1,A,3.8769,10.9161,7.0626
1,A,3.8903,10.9558,7.0686
1,A,3.9036,10.9956,7.0746
1,A,3.9170,11.0353,7.0808
1,A,3.9304,11.0750,7.0871
1,A,3.9437,11.1146,7.0934
1,A,3.9571,11.1543,7.0999
1,A,3.9705,11.1939,7.1065
1,A,3.9838,11.2336,7.1132
1,A,3.9972,11.2732,7.1200
1,A,4.0106,11.3128,7.1269
1,A,4.0239,11.3523,7.1338
1,A,4.0373,11.3919,7.1409
1,A,4.0507,11.4314,7.1481
1,A,4.0640,11.4710,7.1554
1,A,4.0774,11.5105,7.1628
1,A,4.0908,11.5499,7.1703
1,A,4.1042,11.5894,7.1779
1,A,4.1175,11.6289,7.1855
1,A,4.1309,11.6683,7.1933
1,A,4.1443,11.7077,7.2012
1,A,4.1576,11.7471,7.2091
1,A,4.1710,11.7865,7.2171
1,A,4.1844,11.8258,7.2253
1,A,4.1977,11.8652,7.2335
1,A,4.2111,11.9045,7.2418
1,A,4.2245,11.9438,7.2502
1,A,4.2378,11.9831,7.2587
1,A,4.2512,12.0224,7.2673
1,A,4.2646,12.0616,7.2759
1,A,4.2779,12.1009,7.2847
1,A,4.2913,12.1401,7.2935
1,A,4.3047,12.1793,7.3024
1,A,4.3181,12.2185,7.3114
1,A,4.3314,12.2577,7.3204
1,A,4.3448,12.2968,7.3296
1,A,4.3582,12.3359,7.3388
1,A,4.3715,12.3750,7.3481
1,A,4.3849,12.4141,7.3574
1,A,4.3983,12.4532,7.3669
1,A,4.4116,12.4923,7.3764
1,A,4.4250,12.5313,7.3860
1,A,4.4384,12.5704,7.3956
1,A,4.4517,12.6094,7.4053
1,A,4.4651,12.6484,7.4151
1,A,4.4785,12.6874,7.4250
1,A,4.4918,12.7263,7.4349
1,A,4.5052,12.7653,7.4449
1,A,4.5186,12.8042,7.4549
1,A,4.5319,12.8431,7.4650
1,A,4.5453,12.8820,7.4752
1,A,4.5587,12.9209,7.4854
1,A,4.5721,12.9598,7.4957
1,A,4.5854,12.9986,7.5061
1,A,4.5988,13.0375,7.5164
1,A,4.6122,13.0763,7.5269
1,A,4.6255,13.1151,7.5374
1,A,4.6389,13.1539,7.5479
1,A,4.6523,13.1927,7.5585
1,A,4.6656,13.2315,7.5692
1,A,4.6790,13.2702,7.5799
1,A,4.6924,13.3090,7.5906
1,A,4.7057,13.3477,7.6014
1,A,4.7191,13.3865,7.6122
1,A,4.7325,13.4252,7.6230
1,A,4.7458,13.4639,7.6339
1,A,4.7592,13.5026,7.6448
1,A,4.7726,13.5413,7.6558
1,A,4.7860,13.5800,7.6668
1,A,4.7993,13.6186,7.6778
1,A,4.8127,13.6573,7.6888
1,A,4.8261,13.6960,7.6998
1,A,4.8394,13.7346,7.7109
1,A,4.8528,13.7733,7.7220
1,A,4.8662,13.8119,7.7331
1,A,4.8795,13.8506,7.7443
1,A,4.8929,13.8892,7.7554
1,A,4.9063,13.9279,7.7665
1,A,4.9196,13.9665,7.7777
1,A,4.9330,14.0051,7.7888
1,A,4.9464,14.0438,7.8000
1,A,4.9597,14.0824,7.8112
1,A,4.9731,14.1211,7.8223
1,A,4.9865,14.1597,7.8335
1,A,4.9998,14.1983,7.8446
1,A,5.0132,14.2370,7.8557
1,A,5.0266,14.2756,7.8668
1,A,5.0400,14.3143,7.8779
1,A,5.0533,14.3530,7.8890
1,A,5.0667,14.3916,7.9000
1,A,5.0801,14.4303,7.9110
1,A,5.0934,14.4690,7.9220
1,A,5.1068,14.5077,7.9329
1,A,5.1202,14.5464,7.9438
1,A,5.1335,14.5852,7.9547
1,A,5.1469,14.6239,7.9655
1,A,5.1603,14.6627,7.9762
1,A,5.1736,14.7014,7.9869
1,A,5.1870,14.7402,7.9976
1,A,5.2004,14.7790,8.0082
1,A,5.2137,14.8179,8.0187
1,A,5.2271,14.8567,8.0291
1,A,5.2405,14.8956,8.0395
1,A,5.2539,14.9344,8.0498
1,A,5.2672,14.9733,8.0600
1,A,5.2806,15.0123,8.0701
1,A,5.2940,15.0512,8.0801
1,A,5.3073,15.0902,8.0901
1,A,5.3207,15.1292,8.0999
1,A,5.3341,15.1682,8.1096
1,A,5.3474,15.2073,8.1192
1,A,5.3608,15.2463,8.1287
1,A,5.3742,15.2854,8.1381
1,A,5.3875,15.3246,8.1474
1,A,5.4009,15.3637,8.1565
1,A,5.4143,15.4029,8.1656
1,A,5.4276,15.4422,8.1744
1,A,5.4410,15.4814,8.1832
1,A,5.4544,15.5207,8.1917
1,A,5.4677,15.5600,8.2002
1,A,5.4811,15.5994,8.2085
1,A,5.4945,15.6388,8.2166
1,A,5.5079,15.6782,8.2246
1,A,5.5212,15.7176,8.2324
1,A,5.5346,15.7571,8.2400
1,A,5.5480,15.7966,8.2474
1,A,5.5613,15.8362,8.2547
1,A,5.5747,15.8758,8.2618
1,A,5.5881,15.9154,8.2686
1,A,5.6014,15.9551,8.2753
1,A,5.6148,15.9948,8.2818
1,A,5.6282,16.0345,8.2881
1,A,5.6415,16.0743,8.2942
1,A,5.6549,16.1141,8.3000
1,A,5.6683,16.1539,8.3057
1,A,5.6816,16.1938,8.3111
1,A,5.6950,16.2337,8.3163
1,A,5.7084,16.2736,8.3212
1,A,5.7218,16.3136,8.3260
1,A,5.7351,16.3535,8.3304
1,A,5.7485,16.3936,8.3347
1,A,5.7619,16.4336,8.3387
1,A,5.7752,16.4737,8.3424
1,A,5.7886,16.5138,8.3459
1,A,5.8020,16.5539,8.3491
1,A,5.8153,16.5940,8.3520
1,A,5.8287,16.6342,8.3547
1,A,5.8421,16.6743,8.3571
1,A,5.8554,16.7145,8.3593
1,A,5.8688,16.7547,8.3611
1,A,5.8822,16.7949,8.3627
1,A,5.8955,16.8352,8.3640
1,A,5.9089,16.8754,8.3650
1,A,5.9223,16.9156,8.3657
1,A,5.9356,16.9558,8.3661
1,A,5.9490,16.9961,8.3662
1,A,5.9624,17.0363,8.3660
1,A,5.9758,17.0765,8.3656
1,A,5.9891,17.1167,8.3648
1,A,6.0025,17.1568,8.3637
1,A,6.0159,17.1970,8.3622
1,A,6.0292,17.2371,8.3605
1,A,6.0426,17.2772,8.3585
1,A,6.0560,17.3173,8.3561
1,A,6.0693,17.3573,8.3535
1,A,6.0827,17.3973,8.3505
1,A,6.0961,17.4373,8.3472
1,A,6.1094,17.4772,8.3435
1,A,6.1228,17.5170,8.3396
1,A,6.1362,17.5568,8.3353
1,A,6.1495,17.5966,8.3307
1,A,6.1629,17.6362,8.3258
1,A,6.1763,17.6758,8.3206
1,A,6.1897,17.7153,8.3151
1,A,6.2030,17.7548,8.3092
1,A,6.2164,17.7941,8.3031
1,A,6.2298,17.8334,8.2966
1,A,6.2431,17.8725,8.2898
1,A,6.2565,17.9116,8.2827
1,A,6.2699,17.9505,8.2752
1,A,6.2832,17.9894,8.2675
1,A,6.2966,18.0281,8.2595
1,A,6.3100,18.0667,8.2512
1,A,6.3233,18.1051,8.2425
1,A,6.3367,18.1435,8.2336
1,A,6.3501,18.1817,8.2244
1,A,6.3634,18.2197,8.2149
1,A,6.3768,18.2576,8.2052
1,A,6.3902,18.2953,8.1951
1,A,6.4035,18.3329,8.1848
1,A,6.4169,18.3703,8.1743
1,A,6.4303,18.4075,8.1634
1,A,6.4437,18.4445,8.1524
1,A,6.4570,18.4814,8.1410
1,A,6.4704,18.5180,8.1294
1,A,6.4838,18.5545,8.1176
1,A,6.4971,18.5907,8.1056
1,A,6.5105,18.6268,8.0933
1,A,6.5239,18.6626,8.0808
1,A,6.5372,18.6982,8.0682
1,A,6.5506,18.7336,8.0553
1,A,6.5640,18.7687,8.0422
1,A,6.5773,18.8036,8.0289
1,A,6.5907,18.8382,8.0154
1,A,6.6041,18.8726,8.0018
1,A,6.6174,18.9068,7.9880
1,A,6.6308,18.9406,7.9740
1,A,6.6442,18.9742,7.9599
1,A,6.6576,19.0076,7.9457
1,A,6.6709,19.0406,7.9313
1,A,6.6843,19.0734,7.9168
1,A,6.6977,19.1058,7.9021
1,A,6.7110,19.1380,7.8874
1,A,6.7244,19.1699,7.8726
1,A,6.7378,19.2014,7.8576
1,A,6.7511,19.2327,7.8426
1,A,6.7645,19.2636,7.8275
1,A,6.7779,19.2942,7.8123
1,A,6.7912,19.3245,7.7971
1,A,6.8046,19.3544,7.7818
1,A,6.8180,19.3840,7.7665
1,A,6.8313,19.4133,7.7511
1,A,6.8447,19.4422,7.7357
1,A,6.8581,19.4707,7.7203
1,A,6.8714,19.4989,7.7049
1,A,6.8848,19.5268,7.6895
1,A,6.8982,19.5543,7.6741
1,A,6.9116,19.5814,7.6587
1,A,6.9249,19.6081,7.6434
1,A,6.9383,19.6345,7.6280
1,A,6.9517,19.6604,7.6128
1,A,6.9650,19.6860,7.5975
1,A,6.9784,19.7113,7.5823
1,A,6.9918,19.7361,7.5672
1,A,7.0051,19.7605,7.5522
1,A,7.0185,19.7845,7.5373
1,A,7.0319,19.8082,7.5224
1,A,7.0452,19.8314,7.5077
1,A,7.0586,19.8542,7.4930
1,A,7.0720,19.8766,7.4785
1,A,7.0853,19.8987,7.4641
1,A,7.0987,19.9203,7.4498
1,A,7.1121,19.9414,7.4357
1,A,7.1255,19.9622,7.4217
1,A,7.1388,19.9826,7.4078
1,A,7.1522,20.0025,7.3942
1,A,7.1656,20.0220,7.3806
1,A,7.1789,20.0411,7.3673
1,A,7.1923,20.0598,7.3541
1,A,7.2057,20.0780,7.3412
1,A,7.2190,20.0959,7.3284
1,A,7.2324,20.1133,7.3158
1,A,7.2458,20.1302,7.3034
1,A,7.2591,20.1468,7.2912
1,A,7.2725,20.1629,7.2793
1,A,7.2859,20.1786,7.2676
1,A,7.2992,20.1939,7.2560
1,A,7.3126,20.2088,7.2448
1,A,7.3260,20.2232,7.2337
1,A,7.3393,20.2372,7.2229
1,A,7.3527,20.2508,7.2124
1,A,7.3661,20.2640,7.2020
1,A,7.3795,20.2768,7.1920
1,A,7.3928,20.2892,7.1822
1,A,7.4062,20.3011,7.1726
1,A,7.4196,20.3127,7.1633
1,A,7.4329,20.3238,7.1543
1,A,7.4463,20.3345,7.1456
1,A,7.4597,20.3449,7.1371
1,A,7.4730,20.3548,7.1289
1,A,7.4864,20.3644,7.1209
1,A,7.4998,20.3735,7.1132
1,A,7.5131,20.3823,7.1058
1,A,7.5265,20.3907,7.0987
1,A,7.5399,20.3987,7.0918
1,A,7.5532,20.4064,7.0853
1,A,7.5666,20.4136,7.0790
1,A,7.5800,20.4206,7.0729
1,A,7.5934,20.4271,7.0672
1,A,7.6067,20.4334,7.0617
1,A,7.6201,20.4393,7.0565
1,A,7.6335,20.4448,7.0515
1,A,7.6468,20.4500,7.0468
1,A,7.6602,20.4549,7.0424
1,A,7.6736,20.4595,7.0382
1,A,7.6869,20.4638,7.0343
1,A,7.7003,20.4678,7.0307
1,A,7.7137,20.4715,7.0273
1,A,7.7270,20.4749,7.0241
1,A,7.7404,20.4780,7.0212
1,A,7.7538,20.4809,7.0184
1,A,7.7671,20.4836,7.0160
1,A,7.7805,20.4859,7.0137
1,A,7.7939,20.4881,7.0117
1,A,7.8072,20.4900,7.0098
1,A,7.8206,20.4917,7.0082
1,A,7.8340,20.4932,7.0067
1,A,7.8474,20.4946,7.0054
1,A,7.8607,20.4957,7.0043
1,A,7.8741,20.4967,7.0033
1,A,7.8875,20.4975,7.0025
1,A,7.9008,20.4982,7.0019
1,A,7.9142,20.4987,7.0013
1,A,7.9276,20.4991,7.0009
1,A,7.9409,20.4994,7.0006
1,A,7.9543,20.4997,7.0003
1,A,7.9677,20.4998,7.0002
1,A,7.9810,20.4999,7.0001
1,A,7.9944,20.5000,7.0000
1,A,8.0078,20.5000,7.0000
1,A,8.0211,20.5000,7.0000
1,B,0.0000,1.5000,7.0000
1,B,0.0134,1.5000,7.0000
1,B,0.0267,1.5001,7.0000
1,B,0.0401,1.5002,7.0000
1,B,0.0535,1.5004,7.0001
1,B,0.0668,1.5008,7.0001
1,B,0.0802,1.5015,7.0003
1,B,0.0936,1.5024,7.0004
1,B,0.1069,1.5036,7.0006
1,B,0.1203,1.5051,7.0008
1,B,0.1337,1.5070,7.0011
1,B,0.1471,1.5094,7.0014
1,B,0.1604,1.5123,7.0018
1,B,0.1738,1.5157,7.0023
1,B,0.1872,1.5197,7.0028
1,B,0.2005,1.5244,7.0034
1,B,0.2139,1.5297,7.0040
1,B,0.2273,1.5357,7.0047
1,B,0.2406,1.5425,7.0055
1,B,0.2540,1.5501,7.0064
1,B,0.2674,1.5586,7.0073
1,B,0.2807,1.5679,7.0083
1,B,0.2941,1.5782,7.0094
1,B,0.3075,1.5894,7.0105
1,B,0.3208,1.6016,7.0117
1,B,0.3342,1.6148,7.0130
1,B,0.3476,1.6290,7.0143
1,B,0.3610,1.6443,7.0157
1,B,0.3743,1.6608,7.0172
1,B,0.3877,1.6783,7.0187
1,B,0.4011,1.6969,7.0203
1,B,0.4144,1.7167,7.0219
1,B,0.4278,1.7376,7.0236
1,B,0.4412,1.7596,7.0253
1,B,0.4545,1.7828,7.0271
1,B,0.4679,1.8071,7.0290
1,B,0.4813,1.8326,7.0308
1,B,0.4946,1.8591,7.0327
1,B,0.5080,1.8868,7.0347
1,B,0.5214,1.9155,7.0367
1,B,0.5347,1.9453,7.0387
1,B,0.5481,1.9761,7.0407
1,B,0.5615,2.0080,7.0427
1,B,0.5748,2.0407,7.0448
1,B,0.5882,2.0745,7.0469
1,B,0.6016,2.1091,7.0490
1,B,0.6150,2.1445,7.0510
1,B,0.6283,2.1808,7.0531
1,B,0.6417,2.2178,7.0552
1,B,0.6551,2.2556,7.0573
1,B,0.6684,2.2940,7.0593
1,B,0.6818,2.3331,7.0614
1,B,0.6952,2.3728,7.0634
1,B,0.7085,2.4131,7.0654
1,B,0.7219,2.4538,7.0674
1,B,0.7353,2.4950,7.0693
1,B,0.7486,2.5365,7.0712
1,B,0.7620,2.5785,7.0731
1,B,0.7754,2.6208,7.0749
1,B,0.7887,2.6633,7.0766
1,B,0.8021,2.7061,7.0784
1,B,0.8155,2.7490,7.0800
1,B,0.8289,2.7921,7.0816
1,B,0.8422,2.8353,7.0832
1,B,0.8556,2.8786,7.0847
1,B,0.8690,2.9219,7.0861
1,B,0.8823,2.9652,7.0874
1,B,0.8957,3.0085,7.0887
1,B,0.9091,3.0517,7.0900
1,B,0.9224,3.0949,7.0911
1,B,0.9358,3.1380,7.0922
1,B,0.9492,3.1810,7.0932
1,B,0.9625,3.2238,7.0941
1,B,0.9759,3.2665,7.0950
1,B,0.9893,3.3091,7.0957
1,B,1.0026,3.3515,7.0964
1,B,1.0160,3.3938,7.0970
1,B,1.0294,3.4359,7.0976
1,B,1.0427,3.4778,7.0981
1,B,1.0561,3.5196,7.0984
1,B,1.0695,3.5612,7.0988
1,B,1.0829,3.6026,7.0990
1,B,1.0962,3.6439,7.0992
1,B,1.1096,3.6851,7.0993
1,B,1.1230,3.7261,7.0993
1,B,1.1363,3.7670,7.0992
1,B,1.1497,3.8078,7.0991
1,B,1.1631,3.8484,7.0989
1,B,1.1764,3.8889,7.0986
1,B,1.1898,3.9294,7.0983
1,B,1.2032,3.9698,7.0979
1,B,1.2165,4.0101,7.0974
1,B,1.2299,4.0503,7.0969
1,B,1.2433,4.0905,7.0963
1,B,1.2566,4.1306,7.0957
1,B,1.2700,4.1708,7.0950
1,B,1.2834,4.2109,7.0942
1,B,1.2968,4.2510,7.0934
1,B,1.3101,4.2911,7.0925
1,B,1.3235,4.3312,7.0915
1,B,1.3369,4.3713,7.0906
1,B,1.3502,4.4115,7.0895
1,B,1.3636,4.4517,7.0884
1,B,1.3770,4.4919,7.0873
1,B,1.3903,4.5322,7.0861
1,B,1.4037,4.5724,7.0849
1,B,1.4171,4.6128,7.0836
1,B,1.4304,4.6531,7.0823
1,B,1.4438,4.6935,7.0809
1,B,1.4572,4.7339,7.0795
1,B,1.4705,4.7744,7.0780
1,B,1.4839,4.8149,7.0765
1,B,1.4973,4.8554,7.0750
1,B,1.5106,4.8959,7.0734
1,B,1.5240,4.9365,7.0718
1,B,1.5374,4.9770,7.0701
1,B,1.5508,5.0176,7.0684
1,B,1.5641,5.0581,7.0667
1,B,1.5775,5.0986,7.0649
1,B,1.5909,5.1391,7.0631
1,B,1.6042,5.1796,7.0612
1,B,1.6176,5.2201,7.0593
1,B,1.6310,5.2605,7.0574
1,B,1.6443,5.3009,7.0555
1,B,1.6577,5.3412,7.0535
1,B,1.6711,5.3815,7.0515
1,B,1.6844,5.4217,7.0494
1,B,1.6978,5.4618,7.0474
1,B,1.7112,5.5018,7.0452
1,B,1.7245,5.5418,7.0431
1,B,1.7379,5.5816,7.0410
1,B,1.7513,5.6214,7.0388
1,B,1.7647,5.6611,7.0365
1,B,1.7780,5.7007,7.0343
1,B,1.7914,5.7402,7.0320
1,B,1.8048,5.7795,7.0298
1,B,1.8181,5.8188,7.0275
1,B,1.8315,5.8580,7.0251
1,B,1.8449,5.8970,7.0228
1,B,1.8582,5.9360,7.0204
1,B,1.8716,5.9748,7.0180
1,B,1.8850,6.0135,7.0156
1,B,1.8983,6.0522,7.0132
1,B,1.9117,6.0907,7.0108
1,B,1.9251,6.1292,7.0084
1,B,1.9384,6.1676,7.0059
1,B,1.9518,6.2058,7.0035
1,B,1.9652,6.2440,7.0010
1,B,1.9785,6.2822,6.9985
1,B,1.9919,6.3202,6.9961
1,B,2.0053,6.3582,6.9936
1,B,2.0187,6.3961,6.9911
1,B,2.0320,6.4340,6.9886
1,B,2.0454,6.4718,6.9862
1,B,2.0588,6.5096,6.9837
1,B,2.0721,6.5474,6.9813
1,B,2.0855,6.5851,6.9788
1,B,2.0989,6.6228,6.9764
1,B,2.1122,6.6605,6.9739
1,B,2.1256,6.6981,6.9715
1,B,2.1390,6.7358,6.9691
1,B,2.1523,6.7735,6.9668
1,B,2.1657,6.8111,6.9644
1,B,2.1791,6.8488,6.9620
1,B,2.1924,6.8865,6.9597
1,B,2.2058,6.9242,6.9574
1,B,2.2192,6.9619,6.9551
1,B,2.2326,6.9996,6.9529
1,B,2.2459,7.0374,6.9506
1,B,2.2593,7.0751,6.9484
1,B,2.2727,7.1130,6.9463
1,B,2.2860,7.1508,6.9441
1,B,2.2994,7.1887,6.9420
1,B,2.3128,7.2266,6.9400
1,B,2.3261,7.2645,6.9379
1,B,2.3395,7.3025,6.9359
1,B,2.3529,7.3405,6.9340
1,B,2.3662,7.3786,6.9321
1,B,2.3796,7.4166,6.9302
1,B,2.3930,7.4547,6.9284
1,B,2.4063,7.4928,6.9266
1,B,2.4197,7.5310,6.9248
1,B,2.4331,7.5692,6.9231
1,B,2.4464,7.6074,6.9215
1,B,2.4598,7.6456,6.9199
1,B,2.4732,7.6838,6.9183
1,B,2.4866,7.7220,6.9168
1,B,2.4999,7.7603,6.9153
1,B,2.5133,7.7986,6.9139
1,B,2.5267,7.8368,6.9126
1,B,2.5400,7.8751,6.9113
1,B,2.5534,7.9134,6.9101
1,B,2.5668,7.9516,6.9089
1,B,2.5801,7.9899,6.9078
1,B,2.5935,8.0282,6.9067
1,B,2.6069,8.0664,6.9057
1,B,2.6202,8.1047,6.9048
1,B,2.6336,8.1429,6.9039
1,B,2.6470,8.1811,6.9031
1,B,2.6603,8.2193,6.9024
1,B,2.6737,8.2575,6.9017
1,B,2.6871,8.2956,6.9011
1,B,2.7005,8.3338,6.9005
1,B,2.7138,8.3719,6.9001
1,B,2.7272,8.4100,6.8996
1,B,2.7406,8.4481,6.8993
1,B,2.7539,8.4861,6.8991
1,B,2.7673,8.5242,6.8989
1,B,2.7807,8.5622,6.8987
1,B,2.7940,8.6002,6.8987
1,B,2.8074,8.6381,6.8987
1,B,2.8208,8.6761,6.8989
1,B,2.8341,8.7140,6.8990
1,B,2.8475,8.7519,6.8993
1,B,2.8609,8.7898,6.8997
1,B,2.8742,8.8277,6.9001
1,B,2.8876,8.8656,6.9006
1,B,2.9010,8.9034,6.9012
1,B,2.9143,8.9413,6.9019
1,B,2.9277,8.9791,6.9026
1,B,2.9411,9.0169,6.9034
1,B,2.9545,9.0547,6.9044
1,B,2.9678,9.0925,6.9054
1,B,2.9812,9.1303,6.9065
1,B,2.9946,9.1681,6.9076
1,B,3.0079,9.2059,6.9089
1,B,3.0213,9.2437,6.9103
1,B,3.0347,9.2815,6.9117
1,B,3.0480,9.3193,6.9132
1,B,3.0614,9.3570,6.9149
1,B,3.0748,9.3948,6.9166
1,B,3.0881,9.4326,6.9184
1,B,3.1015,9.4704,6.9202
1,B,3.1149,9.5081,6.9222
1,B,3.1282,9.5459,6.9243
1,B,3.1416,9.5836,6.9264
1,B,3.1550,9.6214,6.9287
1,B,3.1684,9.6591,6.9310
1,B,3.1817,9.6969,6.9335
1,B,3.1951,9.7346,6.9360
1,B,3.2085,9.7723,6.9386
1,B,3.2218,9.8100,6.9413
1,B,3.2352,9.8477,6.9441
1,B,3.2486,9.8853,6.9470
1,B,3.2619,9.9230,6.9499
1,B,3.2753,9.9606,6.9530
1,B,3.2887,9.9982,6.9562
1,B,3.3020,10.0357,6.9594
1,B,3.3154,10.0732,6.9627
1,B,3.3288,10.1107,6.9662
1,B,3.3421,10.1482,6.9697
1,B,3.3555,10.1856,6.9733
1,B,3.3689,10.2229,6.9769
1,B,3.3822,10.2602,6.9807
1,B,3.3956,10.2975,6.9846
1,B,3.4090,10.3347,6.9885
1,B,3.4224,10.3719,6.9926
1,B,3.4357,10.4089,6.9967
1,B,3.4491,10.4460,7.0009
1,B,3.4625,10.4829,7.0052
1,B,3.4758,10.5199,7.0096
1,B,3.4892,10.5567,7.0140
1,B,3.5026,10.5935,7.0186
1,B,3.5159,10.6302,7.0232
1,B,3.5293,10.6668,7.0279
1,B,3.5427,10.7033,7.0327
1,B,3.5560,10.7398,7.0376
1,B,3.5694,10.7762,7.0426
1,B,3.5828,10.8126,7.0476
1,B,3.5961,10.8489,7.0527
1,B,3.6095,10.8851,7.0580
1,B,3.6229,10.9212,7.0633
1,B,3.6363,10.9572,7.0686
1,B,3.6496,10.9932,7.0741
1,B,3.6630,11.0291,7.0796
1,B,3.6764,11.0650,7.0852
1,B,3.6897,11.1008,7.0909
1,B,3.7031,11.1365,7.0967
1,B,3.7165,11.1722,7.1026
1,B,3.7298,11.2078,7.1085
1,B,3.7432,11.2433,7.1145
1,B,3.7566,11.2788,7.1206
1,B,3.7699,11.3143,7.1268
1,B,3.7833,11.3497,7.1330
1,B,3.7967,11.3851,7.1394
1,B,3.8100,11.4204,7.1458
1,B,3.8234,11.4557,7.1522
1,B,3.8368,11.4909,7.1588
1,B,3.8502,11.5261,7.1654
1,B,3.8635,11.5613,7.1722
1,B,3.8769,11.5965,7.1789
1,B,3.8903,11.6316,7.1858
1,B,3.9036,11.6667,7.1928
1,B,3.9170,11.7018,7.1998
1,B,3.9304,11.7369,7.2069
1,B,3.9437,11.7720,7.2140
1,B,3.9571,11.8070,7.2213
1,B,3.9705,11.8421,7.2286
1,B,3.9838,11.8771,7.2359
1,B,3.9972,11.9121,7.2434
1,B,4.0106,11.9471,7.2509
1,B,4.0239,11.9822,7.2585
1,B,4.0373,12.0172,7.2662
1,B,4.0507,12.0522,7.2739
1,B,4.0640,12.0872,7.2817
1,B,4.0774,12.1222,7.2896
1,B,4.0908,12.1572,7.2975
1,B,4.1042,12.1922,7.3055
1,B,4.1175,12.2273,7.3136
1,B,4.1309,12.2623,7.3217
1,B,4.1443,12.2973,7.3299
1,B,4.1576,12.3323,7.3382
1,B,4.1710,12.3673,7.3465
1,B,4.1844,12.4023,7.3549
1,B,4.1977,12.4373,7.3633
1,B,4.2111,12.4723,7.3718
1,B,4.2245,12.5073,7.3803
1,B,4.2378,12.5422,7.3889
1,B,4.2512,12.5772,7.3976
1,B,4.2646,12.6122,7.4063
1,B,4.2779,12.6471,7.4151
1,B,4.2913,12.6820,7.4239
1,B,4.3047,12.7169,7.4328
1,B,4.3181,12.7519,7.4417
1,B,4.3314,12.7867,7.4506
1,B,4.3448,12.8216,7.4596
1,B,4.3582,12.8565,7.4687
1,B,4.3715,12.8913,7.4778
1,B,4.3849,12.9261,7.4869
1,B,4.3983,12.9609,7.4961
1,B,4.4116,12.9956,7.5053
1,B,4.4250,13.0304,7.5146
1,B,4.4384,13.0651,7.5239
1,B,4.4517,13.0998,7.5332
1,B,4.4651,13.1344,7.5426
1,B,4.4785,13.1691,7.5520
1,B,4.4918,13.2037,7.5615
1,B,4.5052,13.2383,7.5709
1,B,4.5186,13.2728,7.5805
1,B,4.5319,13.3074,7.5900
1,B,4.5453,13.3419,7.5996
1,B,4.5587,13.3764,7.6092
1,B,4.5721,13.4108,7.6188
1,B,4.5854,13.4453,7.6284
1,B,4.5988,13.4797,7.6381
1,B,4.6122,13.5141,7.6478
1,B,4.6255,13.5485,7.6575
1,B,4.6389,13.5828,7.6673
1,B,4.6523,13.6172,7.6771
1,B,4.6656,13.6515,7.6868
1,B,4.6790,13.6858,7.6967
1,B,4.6924,13.7201,7.7065
1,B,4.7057,13.7544,7.7163
1,B,4.7191,13.7886,7.7262
1,B,4.7325,13.8229,7.7360
1,B,4.7458,13.8572,7.7459
1,B,4.7592,13.8914,7.7558
1,B,4.7726,13.9257,7.7657
1,B,4.7860,13.9599,7.7756
1,B,4.7993,13.9942,7.7855
1,B,4.8127,14.0284,7.7954
1,B,4.8261,14.0627,7.8053
1,B,4.8394,14.0969,7.8152
1,B,4.8528,14.1312,7.8251
1,B,4.8662,14.1654,7.8350
1,B,4.8795,14.1997,7.8449
1,B,4.8929,14.2340,7.8548
1,B,4.9063,14.2683,7.8647
1,B,4.9196,14.3026,7.8746
1,B,4.9330,14.3369,7.8845
1,B,4.9464,14.3713,7.8943
1,B,4.9597,14.4056,7.9041
1,B,4.9731,14.4400,7.9139
1,B,4.9865,14.4744,7.9237
1,B,4.9998,14.5088,7.9334
1,B,5.0132,14.5433,7.9432
1,B,5.0266,14.5777,7.9529
1,B,5.0400,14.6122,7.9625
1,B,5.0533,14.6467,7.9721
1,B,5.0667,14.6813,7.9817
1,B,5.0801,14.7159,7.9912
1,B,5.0934,14.7505,8.0007
1,B,5.1068,14.7851,8.0102
1,B,5.1202,14.8197,8.0195
1,B,5.1335,14.8544,8.0289
1,B,5.1469,14.8891,8.0381
1,B,5.1603,14.9239,8.0474
1,B,5.1736,14.9586,8.0565
1,B,5.1870,14.9935,8.0656
1,B,5.2004,15.0283,8.0746
1,B,5.2137,15.0632,8.0835
1,B,5.2271,15.0981,8.0924
1,B,5.2405,15.1330,8.1011
1,B,5.2539,15.1680,8.1098
1,B,5.2672,15.2030,8.1184
1,B,5.2806,15.2381,8.1269
1,B,5.2940,15.2732,8.1354
1,B,5.3073,15.3083,8.1437
1,B,5.3207,15.3434,8.1519
1,B,5.3341,15.3786,8.1600
1,B,5.3474,15.4139,8.1680
1,B,5.3608,15.4491,8.1759
1,B,5.3742,15.4844,8.1837
1,B,5.3875,15.5198,8.1914
1,B,5.4009,15.5551,8.1990
1,B,5.4143,15.5905,8.2064
1,B,5.4276,15.6260,8.2137
1,B,5.4410,15.6615,8.2209
1,B,5.4544,15.6970,8.2279
1,B,5.4677,15.7326,8.2348
1,B,5.4811,15.7682,8.2416
1,B,5.4945,15.8038,8.2482
1,B,5.5079,15.8395,8.2547
1,B,5.5212,15.8752,8.2611
1,B,5.5346,15.9109,8.2673
1,B,5.5480,15.9467,8.2733
1,B,5.5613,15.9825,8.2792
1,B,5.5747,16.0183,8.2849
1,B,5.5881,16.0542,8.2905
1,B,5.6014,16.0901,8.2959
1,B,5.6148,16.1261,8.3011
1,B,5.6282,16.1621,8.3062
1,B,5.6415,16.1981,8.3110
1,B,5.6549,16.2342,8.3158
1,B,5.6683,16.2703,8.3203
1,B,5.6816,16.3064,8.3246
1,B,5.6950,16.3426,8.3288
1,B,5.7084,16.3788,8.3327
1,B,5.7218,16.4150,8.3365
1,B,5.7351,16.4513,8.3400
1,B,5.7485,16.4876,8.3434
1,B,5.7619,16.5239,8.3465
1,B,5.7752,16.5603,8.3495
1,B,5.7886,16.5967,8.3522
1,B,5.8020,16.6331,8.3547
1,B,5.8153,16.6696,8.3570
1,B,5.8287,16.7061,8.3591
1,B,5.8421,16.7426,8.3609
1,B,5.8554,16.7792,8.3625
1,B,5.8688,16.8158,8.3639
1,B,5.8822,16.8524,8.3650
1,B,5.8955,16.8891,8.3659
1,B,5.9089,16.9258,8.3666
1,B,5.9223,16.9625,8.3670
1,B,5.9356,16.9993,8.3671
1,B,5.9490,17.0361,8.3670
1,B,5.9624,17.0729,8.3666
1,B,5.9758,17.1098,8.3659
1,B,5.9891,17.1466,8.3650
1,B,6.0025,17.1836,8.3638
1,B,6.0159,17.2205,8.3624
1,B,6.0292,17.2575,8.3606
1,B,6.0426,17.2944,8.3586
1,B,6.0560,17.3315,8.3563
1,B,6.0693,17.3685,8.3537
1,B,6.0827,17.4055,8.3509
1,B,6.0961,17.4426,8.3477
1,B,6.1094,17.4797,8.3443
1,B,6.1228,17.5168,8.3405
1,B,6.1362,17.5539,8.3365
1,B,6.1495,17.5910,8.3321
1,B,6.1629,17.6281,8.3275
1,B,6.1763,17.6652,8.3226
1,B,6.1897,17.7023,8.3174
1,B,6.2030,17.7394,8.3119
1,B,6.2164,17.7765,8.3061
1,B,6.2298,17.8135,8.3000
1,B,6.2431,17.8505,8.2936
1,B,6.2565,17.8875,8.2869
1,B,6.2699,17.9245,8.2799
1,B,6.2832,17.9614,8.2727
1,B,6.2966,17.9982,8.2652
1,B,6.3100,18.0350,8.2573
1,B,6.3233,18.0718,8.2493
1,B,6.3367,18.1084,8.2409
1,B,6.3501,18.1450,8.2323
1,B,6.3634,18.1815,8.2234
1,B,6.3768,18.2179,8.2142
1,B,6.3902,18.2542,8.2048
1,B,6.4035,18.2904,8.1951
1,B,6.4169,18.3264,8.1852
1,B,6.4303,18.3623,8.1751
1,B,6.4437,18.3981,8.1647
1,B,6.4570,18.4338,8.1541
1,B,6.4704,18.4692,8.1433
1,B,6.4838,18.5046,8.1322
1,B,6.4971,18.5397,8.1210
1,B,6.5105,18.5747,8.1095
1,B,6.5239,18.6094,8.0979
1,B,6.5372,18.6440,8.0860
1,B,6.5506,18.6784,8.0740
1,B,6.5640,18.7126,8.0618
1,B,6.5773,18.7465,8.0494
1,B,6.5907,18.7802,8.0369
1,B,6.6041,18.8137,8.0242
1,B,6.6174,18.8469,8.0113
1,B,6.6308,18.8799,7.9983
1,B,6.6442,18.9127,7.9851
1,B,6.6576,18.9452,7.9719
1,B,6.6709,18.9774,7.9585
1,B,6.6843,19.0093,7.9449
1,B,6.6977,19.0410,7.9313
1,B,6.7110,19.0724,7.9175
1,B,6.7244,19.1035,7.9037
1,B,6.7378,19.1343,7.8897
1,B,6.7511,19.1649,7.8756
1,B,6.7645,19.1951,7.8615
1,B,6.7779,19.2251,7.8473
1,B,6.7912,19.2547,7.8329
1,B,6.8046,19.2841,7.8186
1,B,6.8180,19.3132,7.8041
1,B,6.8313,19.3419,7.7896
1,B,6.8447,19.3704,7.7750
1,B,6.8581,19.3986,7.7604
1,B,6.8714,19.4264,7.7457
1,B,6.8848,19.4540,7.7310
1,B,6.8982,19.4813,7.7162
1,B,6.9116,19.5082,7.7014
1,B,6.9249,19.5349,7.6866
1,B,6.9383,19.5612,7.6717
1,B,6.9517,19.5873,7.6569
1,B,6.9650,19.6130,7.6420
1,B,6.9784,19.6384,7.6271
1,B,6.9918,19.6636,7.6122
1,B,7.0051,19.6884,7.5974
1,B,7.0185,19.7129,7.5825
1,B,7.0319,19.7371,7.5676
1,B,7.0452,19.7610,7.5528
1,B,7.0586,19.7845,7.5380
1,B,7.0720,19.8078,7.5233
1,B,7.0853,19.8307,7.5086
1,B,7.0987,19.8533,7.4939
1,B,7.1121,19.8756,7.4793
1,B,7.1255,19.8976,7.4648
1,B,7.1388,19.9192,7.4504
1,B,7.1522,19.9405,7.4360
1,B,7.1656,19.9615,7.4218
1,B,7.1789,19.9821,7.4076
1,B,7.1923,20.0024,7.3936
1,B,7.2057,20.0223,7.3797
1,B,7.2190,20.0419,7.3659
1,B,7.2324,20.0610,7.3522
1,B,7.2458,20.0799,7.3388
1,B,7.2591,20.0983,7.3254
1,B,7.2725,20.1164,7.3123
1,B,7.2859,20.1340,7.2993
1,B,7.2992,20.1513,7.2866
1,B,7.3126,20.1682,7.2740
1,B,7.3260,20.1846,7.2617
1,B,7.3393,20.2007,7.2496
1,B,7.3527,20.2163,7.2377
1,B,7.3661,20.2315,7.2260
1,B,7.3795,20.2462,7.2146
1,B,7.3928,20.2606,7.2035
1,B,7.4062,20.2744,7.1926
1,B,7.4196,20.2879,7.1821
1,B,7.4329,20.3009,7.1717
1,B,7.4463,20.3134,7.1617
1,B,7.4597,20.3255,7.1520
1,B,7.4730,20.3372,7.1426
1,B,7.4864,20.3483,7.1335
1,B,7.4998,20.3591,7.1247
1,B,7.5131,20.3693,7.1163
1,B,7.5265,20.3791,7.1081
1,B,7.5399,20.3885,7.1003
1,B,7.5532,20.3974,7.0928
1,B,7.5666,20.4059,7.0856
1,B,7.5800,20.4139,7.0788
1,B,7.5934,20.4215,7.0723
1,B,7.6067,20.4286,7.0661
1,B,7.6201,20.4353,7.0603
1,B,7.6335,20.4416,7.0547
1,B,7.6468,20.4475,7.0495
1,B,7.6602,20.4530,7.0446
1,B,7.6736,20.4581,7.0400
1,B,7.6869,20.4628,7.0357
1,B,7.7003,20.4672,7.0318
1,B,7.7137,20.4712,7.0281
1,B,7.7270,20.4749,7.0247
1,B,7.7404,20.4782,7.0215
1,B,7.7538,20.4813,7.0187
1,B,7.7671,20.4840,7.0161
1,B,7.7805,20.4865,7.0137
1,B,7.7939,20.4887,7.0116
1,B,7.8072,20.4906,7.0097
1,B,7.8206,20.4923,7.0080
1,B,7.8340,20.4938,7.0065
1,B,7.8474,20.4950,7.0052
1,B,7.8607,20.4961,7.0041
1,B,7.8741,20.4970,7.0032
1,B,7.8875,20.4978,7.0024
1,B,7.9008,20.4984,7.0017
1,B,7.9142,20.4989,7.0012
1,B,7.9276,20.4993,7.0008
1,B,7.9409,20.4995,7.0005
1,B,7.9543,20.4997,7.0003
1,B,7.9677,20.4999,7.0002
1,B,7.9810,20.4999,7.0001
1,B,7.9944,20.5000,7.0000
1,B,8.0078,20.5000,7.0000
1,B,8.0211,20.5000,7.0000
1,C,0.0000,1.5000,7.0000
1,C,0.0185,1.5000,7.0000
1,C,0.0371,1.5004,7.0000
1,C,0.0556,1.5012,7.0001
1,C,0.0742,1.5027,7.0002
1,C,0.0927,1.5052,7.0004
1,C,0.1113,1.5088,7.0007
1,C,0.1298,1.5136,7.0010
1,C,0.1484,1.5199,7.0015
1,C,0.1669,1.5278,7.0021
1,C,0.1855,1.5373,7.0028
1,C,0.2040,1.5486,7.0036
1,C,0.2226,1.5618,7.0046
1,C,0.2411,1.5769,7.0057
1,C,0.2597,1.5939,7.0069
1,C,0.2782,1.6130,7.0083
1,C,0.2968,1.6341,7.0098
1,C,0.3153,1.6573,7.0115
1,C,0.3339,1.6825,7.0133
1,C,0.3524,1.7098,7.0152
1,C,0.3709,1.7391,7.0173
1,C,0.3895,1.7704,7.0195
1,C,0.4080,1.8037,7.0218
1,C,0.4266,1.8388,7.0242
1,C,0.4451,1.8758,7.0268
1,C,0.4637,1.9147,7.0294
1,C,0.4822,1.9552,7.0322
1,C,0.5008,1.9973,7.0350
1,C,0.5193,2.0410,7.0379
1,C,0.5379,2.0862,7.0410
1,C,0.5564,2.1327,7.0440
1,C,0.5750,2.1805,7.0471
1,C,0.5935,2.2295,7.0503
1,C,0.6121,2.2795,7.0535
1,C,0.6306,2.3304,7.0567
1,C,0.6492,2.3822,7.0600
1,C,0.6677,2.4347,7.0632
1,C,0.6863,2.4878,7.0665
1,C,0.7048,2.5414,7.0697
1,C,0.7233,2.5953,7.0729
1,C,0.7419,2.6496,7.0760
1,C,0.7604,2.7039,7.0792
1,C,0.7790,2.7584,7.0822
1,C,0.7975,2.8128,7.0852
1,C,0.8161,2.8670,7.0882
1,C,0.8346,2.9209,7.0910
1,C,0.8532,2.9746,7.0938
1,C,0.8717,3.0277,7.0965
1,C,0.8903,3.0804,7.0991
1,C,0.9088,3.1324,7.1015
1,C,0.9274,3.1838,7.1039
1,C,0.9459,3.2344,7.1061
1,C,0.9645,3.2842,7.1082
1,C,0.9830,3.3332,7.1102
1,C,1.0016,3.3813,7.1121
1,C,1.0201,3.4285,7.1138
1,C,1.0387,3.4747,7.1154
1,C,1.0572,3.5200,7.1169
1,C,1.0758,3.5642,7.1183
1,C,1.0943,3.6075,7.1195
1,C,1.1128,3.6497,7.1205
1,C,1.1314,3.6909,7.1215
1,C,1.1499,3.7310,7.1223
1,C,1.1685,3.7701,7.1230
1,C,1.1870,3.8082,7.1235
1,C,1.2056,3.8453,7.1240
1,C,1.2241,3.8814,7.1243
1,C,1.2427,3.9166,7.1245
1,C,1.2612,3.9508,7.1246
1,C,1.2798,3.9840,7.1245
1,C,1.2983,4.0164,7.1244
1,C,1.3169,4.0479,7.1242
1,C,1.3354,4.0786,7.1238
1,C,1.3540,4.1085,7.1234
1,C,1.3725,4.1377,7.1229
1,C,1.3911,4.1662,7.1223
1,C,1.4096,4.1940,7.1216
1,C,1.4282,4.2211,7.1209
1,C,1.4467,4.2477,7.1201
1,C,1.4652,4.2738,7.1192
1,C,1.4838,4.2994,7.1183
1,C,1.5023,4.3246,7.1173
1,C,1.5209,4.3494,7.1163
1,C,1.5394,4.3739,7.1152
1,C,1.5580,4.3980,7.1141
1,C,1.5765,4.4220,7.1130
1,C,1.5951,4.4458,7.1119
1,C,1.6136,4.4694,7.1108
1,C,1.6322,4.4930,7.1096
1,C,1.6507,4.5165,7.1084
1,C,1.6693,4.5400,7.1073
1,C,1.6878,4.5636,7.1061
1,C,1.7064,4.5873,7.1050
1,C,1.7249,4.6111,7.1039
1,C,1.7435,4.6351,7.1028
1,C,1.7620,4.6593,7.1017
1,C,1.7806,4.6838,7.1007
1,C,1.7991,4.7085,7.0997
1,C,1.8176,4.7335,7.0987
1,C,1.8362,4.7589,7.0977
1,C,1.8547,4.7846,7.0968
1,C,1.8733,4.8107,7.0960
1,C,1.8918,4.8372,7.0952
1,C,1.9104,4.8642,7.0944
1,C,1.9289,4.8915,7.0937
1,C,1.9475,4.9193,7.0931
1,C,1.9660,4.9475,7.0925
1,C,1.9846,4.9761,7.0919
1,C,2.0031,5.0052,7.0914
1,C,2.0217,5.0348,7.0910
1,C,2.0402,5.0648,7.0906
1,C,2.0588,5.0953,7.0902
1,C,2.0773,5.1262,7.0899
1,C,2.0959,5.1575,7.0897
1,C,2.1144,5.1893,7.0895
1,C,2.1330,5.2215,7.0894
1,C,2.1515,5.2541,7.0893
1,C,2.1700,5.2872,7.0893
1,C,2.1886,5.3206,7.0893
1,C,2.2071,5.3543,7.0893
1,C,2.2257,5.3885,7.0894
1,C,2.2442,5.4230,7.0896
1,C,2.2628,5.4578,7.0898
1,C,2.2813,5.4929,7.0900
1,C,2.2999,5.5283,7.0903
1,C,2.3184,5.5640,7.0905
1,C,2.3370,5.5999,7.0909
1,C,2.3555,5.6360,7.0912
1,C,2.3741,5.6724,7.0916
1,C,2.3926,5.7090,7.0920
1,C,2.4112,5.7457,7.0924
1,C,2.4297,5.7825,7.0929
1,C,2.4483,5.8195,7.0934
1,C,2.4668,5.8566,7.0939
1,C,2.4854,5.8938,7.0944
1,C,2.5039,5.9310,7.0949
1,C,2.5224,5.9683,7.0954
1,C,2.5410,6.0055,7.0959
1,C,2.5595,6.0428,7.0964
1,C,2.5781,6.0801,7.0970
1,C,2.5966,6.1173,7.0975
1,C,2.6152,6.1545,7.0980
1,C,2.6337,6.1915,7.0985
1,C,2.6523,6.2285,7.0990
1,C,2.6708,6.2654,7.0995
1,C,2.6894,6.3022,7.1000
1,C,2.7079,6.3389,7.1005
1,C,2.7265,6.3754,7.1010
1,C,2.7450,6.4117,7.1014
1,C,2.7636,6.4479,7.1019
1,C,2.7821,6.4839,7.1023
1,C,2.8007,6.5198,7.1027
1,C,2.8192,6.5554,7.1030
1,C,2.8378,6.5909,7.1034
1,C,2.8563,6.6262,7.1037
1,C,2.8748,6.6613,7.1040
1,C,2.8934,6.6962,7.1043
1,C,2.9119,6.7309,7.1046
1,C,2.9305,6.7654,7.1048
1,C,2.9490,6.7997,7.1050
1,C,2.9676,6.8338,7.1052
1,C,2.9861,6.8677,7.1054
1,C,3.0047,6.9015,7.1055
1,C,3.0232,6.9351,7.1056
1,C,3.0418,6.9684,7.1057
1,C,3.0603,7.0017,7.1058
1,C,3.0789,7.0347,7.1058
1,C,3.0974,7.0676,7.1058
1,C,3.1160,7.1003,7.1058
1,C,3.1345,7.1329,7.1058
1,C,3.1531,7.1654,7.1057
1,C,3.1716,7.1977,7.1057
1,C,3.1902,7.2299,7.1056
1,C,3.2087,7.2619,7.1055
1,C,3.2273,7.2939,7.1053
1,C,3.2458,7.3258,7.1052
1,C,3.2643,7.3576,7.1050
1,C,3.2829,7.3893,7.1048
1,C,3.3014,7.4209,7.1046
1,C,3.3200,7.4525,7.1043
1,C,3.3385,7.4840,7.1041
1,C,3.3571,7.5155,7.1039
1,C,3.3756,7.5469,7.1036
1,C,3.3942,7.5783,7.1033
1,C,3.4127,7.6097,7.1030
1,C,3.4313,7.6411,7.1027
1,C,3.4498,7.6725,7.1024
1,C,3.4684,7.7039,7.1021
1,C,3.4869,7.7353,7.1018
1,C,3.5055,7.7668,7.1014
1,C,3.5240,7.7983,7.1011
1,C,3.5426,7.8298,7.1008
1,C,3.5611,7.8614,7.1004
1,C,3.5797,7.8930,7.1001
1,C,3.5982,7.9247,7.0997
1,C,3.6167,7.9564,7.0994
1,C,3.6353,7.9882,7.0991
1,C,3.6538,8.0201,7.0987
1,C,3.6724,8.0520,7.0984
1,C,3.6909,8.0841,7.0981
1,C,3.7095,8.1162,7.0978
1,C,3.7280,8.1484,7.0975
1,C,3.7466,8.1806,7.0972
1,C,3.7651,8.2130,7.0969
1,C,3.7837,8.2454,7.0966
1,C,3.8022,8.2779,7.0964
1,C,3.8208,8.3105,7.0961
1,C,3.8393,8.3432,7.0959
1,C,3.8579,8.3760,7.0957
1,C,3.8764,8.4088,7.0955
1,C,3.8950,8.4417,7.0953
1,C,3.9135,8.4747,7.0951
1,C,3.9321,8.5078,7.0949
1,C,3.9506,8.5409,7.0948
1,C,3.9691,8.5741,7.0947
1,C,3.9877,8.6074,7.0946
1,C,4.0062,8.6407,7.0945
1,C,4.0248,8.6741,7.0945
1,C,4.0433,8.7076,7.0945
1,C,4.0619,8.7410,7.0944
1,C,4.0804,8.7746,7.0945
1,C,4.0990,8.8082,7.0945
1,C,4.1175,8.8418,7.0946
1,C,4.1361,8.8755,7.0946
1,C,4.1546,8.9092,7.0947
1,C,4.1732,8.9429,7.0949
1,C,4.1917,8.9766,7.0950
1,C,4.2103,9.0104,7.0952
1,C,4.2288,9.0442,7.0954
1,C,4.2474,9.0780,7.0956
1,C,4.2659,9.1118,7.0959
1,C,4.2845,9.1456,7.0961
1,C,4.3030,9.1794,7.0964
1,C,4.3215,9.2132,7.0967
1,C,4.3401,9.2470,7.0970
1,C,4.3586,9.2808,7.0974
1,C,4.3772,9.3146,7.0977
1,C,4.3957,9.3483,7.0981
1,C,4.4143,9.3820,7.0985
1,C,4.4328,9.4157,7.0989
1,C,4.4514,9.4494,7.0993
1,C,4.4699,9.4831,7.0998
1,C,4.4885,9.5167,7.1002
1,C,4.5070,9.5503,7.1007
1,C,4.5256,9.5838,7.1011
1,C,4.5441,9.6174,7.1016
1,C,4.5627,9.6509,7.1021
1,C,4.5812,9.6843,7.1026
1,C,4.5998,9.7177,7.1031
1,C,4.6183,9.7511,7.1035
1,C,4.6369,9.7845,7.1040
1,C,4.6554,9.8178,7.1045
1,C,4.6739,9.8511,7.1050
1,C,4.6925,9.8843,7.1054
1,C,4.7110,9.9175,7.1058
1,C,4.7296,9.9507,7.1063
1,C,4.7481,9.9839,7.1067
1,C,4.7667,10.0170,7.1071
1,C,4.7852,10.0501,7.1075
1,C,4.8038,10.0831,7.1078
1,C,4.8223,10.1162,7.1081
1,C,4.8409,10.1492,7.1084
1,C,4.8594,10.1822,7.1087
1,C,4.8780,10.2152,7.1090
1,C,4.8965,10.2482,7.1092
1,C,4.9151,10.2812,7.1093
1,C,4.9336,10.3141,7.1095
1,C,4.9522,10.3470,7.1096
1,C,4.9707,10.3800,7.1097
1,C,4.9893,10.4129,7.1097
1,C,5.0078,10.4458,7.1097
1,C,5.0264,10.4788,7.1096
1,C,5.0449,10.5117,7.1095
1,C,5.0634,10.5446,7.1093
1,C,5.0820,10.5776,7.1091
1,C,5.1005,10.6105,7.1089
1,C,5.1191,10.6435,7.1086
1,C,5.1376,10.6765,7.1083
1,C,5.1562,10.7095,7.1079
1,C,5.1747,10.7425,7.1075
1,C,5.1933,10.7755,7.1070
1,C,5.2118,10.8086,7.1064
1,C,5.2304,10.8417,7.1059
1,C,5.2489,10.8748,7.1053
1,C,5.2675,10.9079,7.1046
1,C,5.2860,10.9410,7.1039
1,C,5.3046,10.9742,7.1032
1,C,5.3231,11.0074,7.1024
1,C,5.3417,11.0406,7.1015
1,C,5.3602,11.0739,7.1007
1,C,5.3788,11.1071,7.0998
1,C,5.3973,11.1405,7.0989
1,C,5.4158,11.1738,7.0979
1,C,5.4344,11.2071,7.0970
1,C,5.4529,11.2405,7.0960
1,C,5.4715,11.2739,7.0950
1,C,5.4900,11.3073,7.0940
1,C,5.5086,11.3407,7.0930
1,C,5.5271,11.3742,7.0920
1,C,5.5457,11.4077,7.0910
1,C,5.5642,11.4411,7.0900
1,C,5.5828,11.4746,7.0890
1,C,5.6013,11.5081,7.0880
1,C,5.6199,11.5416,7.0870
1,C,5.6384,11.5751,7.0861
1,C,5.6570,11.6086,7.0852
1,C,5.6755,11.6421,7.0844
1,C,5.6941,11.6756,7.0836
1,C,5.7126,11.7091,7.0828
1,C,5.7312,11.7426,7.0821
1,C,5.7497,11.7760,7.0814
1,C,5.7682,11.8095,7.0808
1,C,5.7868,11.8429,7.0803
1,C,5.8053,11.8763,7.0799
1,C,5.8239,11.9097,7.0795
1,C,5.8424,11.9430,7.0792
1,C,5.8610,11.9763,7.0790
1,C,5.8795,12.0096,7.0789
1,C,5.8981,12.0429,7.0789
1,C,5.9166,12.0761,7.0789
1,C,5.9352,12.1092,7.0791
1,C,5.9537,12.1424,7.0793
1,C,5.9723,12.1754,7.0797
1,C,5.9908,12.2085,7.0802
1,C,6.0094,12.2415,7.0808
1,C,6.0279,12.2744,7.0814
1,C,6.0465,12.3073,7.0822
1,C,6.0650,12.3401,7.0831
1,C,6.0836,12.3729,7.0842
1,C,6.1021,12.4056,7.0853
1,C,6.1206,12.4383,7.0865
1,C,6.1392,12.4709,7.0878
1,C,6.1577,12.5035,7.0893
1,C,6.1763,12.5360,7.0908
1,C,6.1948,12.5685,7.0924
1,C,6.2134,12.6009,7.0942
1,C,6.2319,12.6332,7.0960
1,C,6.2505,12.6656,7.0979
1,C,6.2690,12.6978,7.0999
1,C,6.2876,12.7301,7.1019
1,C,6.3061,12.7623,7.1040
1,C,6.3247,12.7944,7.1062
1,C,6.3432,12.8266,7.1084
1,C,6.3618,12.8587,7.1107
1,C,6.3803,12.8908,7.1130
1,C,6.3989,12.9228,7.1153
1,C,6.4174,12.9549,7.1176
1,C,6.4360,12.9869,7.1200
1,C,6.4545,13.0190,7.1223
1,C,6.4730,13.0510,7.1246
1,C,6.4916,13.0831,7.1269
1,C,6.5101,13.1152,7.1291
1,C,6.5287,13.1473,7.1312
1,C,6.5472,13.1794,7.1333
1,C,6.5658,13.2116,7.1353
1,C,6.5843,13.2438,7.1373
1,C,6.6029,13.2760,7.1391
1,C,6.6214,13.3083,7.1408
1,C,6.6400,13.3407,7.1424
1,C,6.6585,13.3731,7.1438
1,C,6.6771,13.4056,7.1451
1,C,6.6956,13.4381,7.1462
1,C,6.7142,13.4708,7.1472
1,C,6.7327,13.5035,7.1479
1,C,6.7513,13.5363,7.1485
1,C,6.7698,13.5692,7.1489
1,C,6.7884,13.6022,7.1491
1,C,6.8069,13.6354,7.1490
1,C,6.8255,13.6686,7.1487
1,C,6.8440,13.7019,7.1482
1,C,6.8625,13.7354,7.1475
1,C,6.8811,13.7690,7.1465
1,C,6.8996,13.8027,7.1453
1,C,6.9182,13.8365,7.1438
1,C,6.9367,13.8705,7.1421
1,C,6.9553,13.9045,7.1401
1,C,6.9738,13.9387,7.1378
1,C,6.9924,13.9731,7.1353
1,C,7.0109,14.0075,7.1325
1,C,7.0295,14.0421,7.1295
1,C,7.0480,14.0769,7.1262
1,C,7.0666,14.1117,7.1227
1,C,7.0851,14.1467,7.1189
1,C,7.1037,14.1817,7.1149
1,C,7.1222,14.2169,7.1107
1,C,7.1408,14.2522,7.1063
1,C,7.1593,14.2876,7.1017
1,C,7.1779,14.3231,7.0968
1,C,7.1964,14.3587,7.0918
1,C,7.2149,14.3944,7.0867
1,C,7.2335,14.4301,7.0814
1,C,7.2520,14.4659,7.0760
1,C,7.2706,14.5018,7.0704
1,C,7.2891,14.5377,7.0648
1,C,7.3077,14.5736,7.0592
1,C,7.3262,14.6095,7.0535
1,C,7.3448,14.6455,7.0477
1,C,7.3633,14.6814,7.0421
1,C,7.3819,14.7174,7.0364
1,C,7.4004,14.7532,7.0308
1,C,7.4190,14.7891,7.0253
1,C,7.4375,14.8249,7.0199
1,C,7.4561,14.8606,7.0147
1,C,7.4746,14.8962,7.0097
1,C,7.4932,14.9317,7.0048
1,C,7.5117,14.9671,7.0003
1,C,7.5303,15.0024,6.9959
1,C,7.5488,15.0375,6.9919
1,C,7.5673,15.0725,6.9882
1,C,7.5859,15.1072,6.9848
1,C,7.6044,15.1418,6.9819
1,C,7.6230,15.1762,6.9793
1,C,7.6415,15.2104,6.9772
1,C,7.6601,15.2443,6.9756
1,C,7.6786,15.2780,6.9745
1,C,7.6972,15.3114,6.9739
1,C,7.7157,15.3445,6.9738
1,C,7.7343,15.3774,6.9743
1,C,7.7528,15.4099,6.9755
1,C,7.7714,15.4422,6.9772
1,C,7.7899,15.4741,6.9796
1,C,7.8085,15.5057,6.9827
1,C,7.8270,15.5370,6.9865
1,C,7.8456,15.5679,6.9909
1,C,7.8641,15.5985,6.9961
1,C,7.8827,15.6287,7.0021
1,C,7.9012,15.6585,7.0088
1,C,7.9197,15.6879,7.0163
1,C,7.9383,15.7170,7.0246
1,C,7.9568,15.7457,7.0337
1,C,7.9754,15.7740,7.0436
1,C,7.9939,15.8019,7.0543
1,C,8.0125,15.8294,7.0658
1,C,8.0310,15.8566,7.0781
1,C,8.0496,15.8833,7.0913
1,C,8.0681,15.9097,7.1053
1,C,8.0867,15.9357,7.1201
1,C,8.1052,15.9613,7.1357
1,C,8.1238,15.9865,7.1521
1,C,8.1423,16.0114,7.1693
1,C,8.1609,16.0360,7.1872
1,C,8.1794,16.0602,7.2060
1,C,8.1980,16.0840,7.2255
1,C,8.2165,16.1076,7.2457
1,C,8.2351,16.1308,7.2666
1,C,8.2536,16.1538,7.2882
1,C,8.2721,16.1765,7.3105
1,C,8.2907,16.1989,7.3334
1,C,8.3092,16.2211,7.3569
1,C,8.3278,16.2430,7.3810
1,C,8.3463,16.2648,7.4057
1,C,8.3649,16.2863,7.4308
1,C,8.3834,16.3077,7.4565
1,C,8.4020,16.3289,7.4826
1,C,8.4205,16.3500,7.5091
1,C,8.4391,16.3710,7.5361
1,C,8.4576,16.3919,7.5633
1,C,8.4762,16.4128,7.5909
1,C,8.4947,16.4336,7.6188
1,C,8.5133,16.4543,7.6468
1,C,8.5318,16.4751,7.6751
1,C,8.5504,16.4959,7.7036
1,C,8.5689,16.5167,7.7321
1,C,8.5875,16.5377,7.7607
1,C,8.6060,16.5586,7.7894
1,C,8.6245,16.5798,7.8180
1,C,8.6431,16.6010,7.8466
1,C,8.6616,16.6224,7.8751
1,C,8.6802,16.6440,7.9034
1,C,8.6987,16.6658,7.9316
1,C,8.7173,16.6878,7.9595
1,C,8.7358,16.7101,7.9872
1,C,8.7544,16.7326,8.0146
1,C,8.7729,16.7554,8.0416
1,C,8.7915,16.7786,8.0682
1,C,8.8100,16.8021,8.0944
1,C,8.8286,16.8259,8.1201
1,C,8.8471,16.8501,8.1454
1,C,8.8657,16.8747,8.1700
1,C,8.8842,16.8997,8.1941
1,C,8.9028,16.9251,8.2175
1,C,8.9213,16.9510,8.2403
1,C,8.9399,16.9774,8.2624
1,C,8.9584,17.0042,8.2837
1,C,8.9770,17.0315,8.3043
1,C,8.9955,17.0594,8.3241
1,C,9.0140,17.0877,8.3430
1,C,9.0326,17.1166,8.3611
1,C,9.0511,17.1460,8.3782
1,C,9.0697,17.1760,8.3945
1,C,9.0882,17.2066,8.4098
1,C,9.1068,17.2377,8.4241
1,C,9.1253,17.2694,8.4374
1,C,9.1439,17.3016,8.4497
1,C,9.1624,17.3345,8.4610
1,C,9.1810,17.3680,8.4712
1,C,9.1995,17.4020,8.4803
1,C,9.2181,17.4367,8.4884
1,C,9.2366,17.4719,8.4953
1,C,9.2552,17.5077,8.5012
1,C,9.2737,17.5441,8.5059
1,C,9.2923,17.5811,8.5095
1,C,9.3108,17.6186,8.5120
1,C,9.3294,17.6567,8.5133
1,C,9.3479,17.6954,8.5135
1,C,9.3664,17.7346,8.5126
1,C,9.3850,17.7743,8.5106
1,C,9.4035,17.8146,8.5075
1,C,9.4221,17.8553,8.5033
1,C,9.4406,17.8965,8.4979
1,C,9.4592,17.9382,8.4915
1,C,9.4777,17.9803,8.4841
1,C,9.4963,18.0228,8.4755
1,C,9.5148,18.0658,8.4660
1,C,9.5334,18.1091,8.4554
1,C,9.5519,18.1528,8.4439
1,C,9.5705,18.1968,8.4313
1,C,9.5890,18.2411,8.4179
1,C,9.6076,18.2857,8.4034
1,C,9.6261,18.3305,8.3881
1,C,9.6447,18.3756,8.3719
1,C,9.6632,18.4209,8.3549
1,C,9.6818,18.4663,8.3371
1,C,9.7003,18.5119,8.3184
1,C,9.7188,18.5576,8.2990
1,C,9.7374,18.6034,8.2789
1,C,9.7559,18.6493,8.2581
1,C,9.7745,18.6952,8.2366
1,C,9.7930,18.7410,8.2145
1,C,9.8116,18.7869,8.1917
1,C,9.8301,18.8326,8.1685
1,C,9.8487,18.8783,8.1447
1,C,9.8672,18.9238,8.1204
1,C,9.8858,18.9692,8.0957
1,C,9.9043,19.0144,8.0705
1,C,9.9229,19.0594,8.0450
1,C,9.9414,19.1041,8.0191
1,C,9.9600,19.1485,7.9930
1,C,9.9785,19.1926,7.9666
1,C,9.9971,19.2363,7.9399
1,C,10.0156,19.2796,7.9131
1,C,10.0342,19.3226,7.8861
1,C,10.0527,19.3651,7.8590
1,C,10.0712,19.4071,7.8318
1,C,10.0898,19.4486,7.8046
1,C,10.1083,19.4896,7.7774
1,C,10.1269,19.5300,7.7502
1,C,10.1454,19.5699,7.7231
1,C,10.1640,19.6091,7.6961
1,C,10.1825,19.6477,7.6693
1,C,10.2011,19.6856,7.6426
1,C,10.2196,19.7228,7.6162
1,C,10.2382,19.7593,7.5900
1,C,10.2567,19.7950,7.5641
1,C,10.2753,19.8300,7.5385
1,C,10.2938,19.8642,7.5133
1,C,10.3124,19.8976,7.4885
1,C,10.3309,19.9302,7.4640
1,C,10.3495,19.9619,7.4401
1,C,10.3680,19.9927,7.4165
1,C,10.3866,20.0227,7.3935
1,C,10.4051,20.0518,7.3710
1,C,10.4236,20.0799,7.3491
1,C,10.4422,20.1072,7.3277
1,C,10.4607,20.1335,7.3069
1,C,10.4793,20.1588,7.2867
1,C,10.4978,20.1832,7.2672
1,C,10.5164,20.2066,7.2483
1,C,10.5349,20.2291,7.2301
1,C,10.5535,20.2506,7.2126
1,C,10.5720,20.2711,7.1957
1,C,10.5906,20.2907,7.1796
1,C,10.6091,20.3092,7.1642
1,C,10.6277,20.3268,7.1496
1,C,10.6462,20.3435,7.1356
1,C,10.6648,20.3591,7.1224
1,C,10.6833,20.3739,7.1100
1,C,10.7019,20.3876,7.0983
1,C,10.7204,20.4005,7.0873
1,C,10.7390,20.4124,7.0771
1,C,10.7575,20.4234,7.0676
1,C,10.7761,20.4336,7.0588
1,C,10.7946,20.4428,7.0507
1,C,10.8131,20.4513,7.0433
1,C,10.8317,20.4589,7.0366
1,C,10.8502,20.4657,7.0306
1,C,10.8688,20.4718,7.0253
1,C,10.8873,20.4772,7.0205
1,C,10.9059,20.4818,7.0164
1,C,10.9244,20.4859,7.0128
1,C,10.9430,20.4893,7.0097
1,C,10.9615,20.4921,7.0072
1,C,10.9801,20.4944,7.0051
1,C,10.9986,20.4962,7.0035
1,C,11.0172,20.4976,7.0022
1,C,11.0357,20.4986,7.0013
1,C,11.0543,20.4993,7.0007
1,C,11.0728,20.4997,7.0003
1,C,11.0914,20.4999,7.0001
1,C,11.1099,20.5000,7.0000
1,C,11.1285,20.5000,7.0000
1,D,0.0000,1.5000,7.0000
1,D,0.0170,1.5000,7.0000
1,D,0.0339,1.5000,7.0000
1,D,0.0509,1.5000,7.0000
1,D,0.0679,1.5001,7.0000
1,D,0.0849,1.5001,7.0000
1,D,0.1018,1.5002,7.0000
1,D,0.1188,1.5004,7.0000
1,D,0.1358,1.5006,7.0000
1,D,0.1527,1.5008,7.0000
1,D,0.1697,1.5011,7.0001
1,D,0.1867,1.5015,7.0001
1,D,0.2037,1.5020,7.0001
1,D,0.2206,1.5025,7.0001
1,D,0.2376,1.5031,7.0002
1,D,0.2546,1.5038,7.0002
1,D,0.2715,1.5047,7.0002
1,D,0.2885,1.5056,7.0003
1,D,0.3055,1.5066,7.0003
1,D,0.3225,1.5078,7.0004
1,D,0.3394,1.5091,7.0005
1,D,0.3564,1.5105,7.0005
1,D,0.3734,1.5121,7.0006
1,D,0.3903,1.5139,7.0007
1,D,0.4073,1.5157,7.0008
1,D,0.4243,1.5178,7.0009
1,D,0.4413,1.5200,7.0010
1,D,0.4582,1.5224,7.0011
1,D,0.4752,1.5250,7.0012
1,D,0.4922,1.5278,7.0014
1,D,0.5091,1.5307,7.0015
1,D,0.5261,1.5339,7.0017
1,D,0.5431,1.5373,7.0018
1,D,0.5601,1.5409,7.0020
1,D,0.5770,1.5448,7.0022
1,D,0.5940,1.5488,7.0024
1,D,0.6110,1.5531,7.0026
1,D,0.6279,1.5577,7.0029
1,D,0.6449,1.5625,7.0031
1,D,0.6619,1.5675,7.0033
1,D,0.6789,1.5728,7.0036
1,D,0.6958,1.5784,7.0039
1,D,0.7128,1.5842,7.0041
1,D,0.7298,1.5903,7.0044
1,D,0.7467,1.5966,7.0047
1,D,0.7637,1.6032,7.0050
1,D,0.7807,1.6101,7.0053
1,D,0.7977,1.6172,7.0056
1,D,0.8146,1.6246,7.0060
1,D,0.8316,1.6323,7.0063
1,D,0.8486,1.6403,7.0066
1,D,0.8655,1.6486,7.0069
1,D,0.8825,1.6571,7.0073
1,D,0.8995,1.6659,7.0076
1,D,0.9164,1.6751,7.0080
1,D,0.9334,1.6845,7.0083
1,D,0.9504,1.6942,7.0086
1,D,0.9674,1.7043,7.0090
1,D,0.9843,1.7146,7.0093
1,D,1.0013,1.7252,7.0097
1,D,1.0183,1.7362,7.0100
1,D,1.0352,1.7475,7.0104
1,D,1.0522,1.7590,7.0107
1,D,1.0692,1.7710,7.0111
1,D,1.0862,1.7832,7.0114
1,D,1.1031,1.7957,7.0118
1,D,1.1201,1.8086,7.0121
1,D,1.1371,1.8218,7.0124
1,D,1.1540,1.8354,7.0128
1,D,1.1710,1.8492,7.0131
1,D,1.1880,1.8635,7.0134
1,D,1.2050,1.8780,7.0137
1,D,1.2219,1.8929,7.0140
1,D,1.2389,1.9082,7.0143
1,D,1.2559,1.9238,7.0146
1,D,1.2728,1.9397,7.0149
1,D,1.2898,1.9560,7.0151
1,D,1.3068,1.9727,7.0154
1,D,1.3238,1.9896,7.0156
1,D,1.3407,2.0070,7.0159
1,D,1.3577,2.0246,7.0161
1,D,1.3747,2.0426,7.0163
1,D,1.3916,2.0610,7.0165
1,D,1.4086,2.0797,7.0167
1,D,1.4256,2.0987,7.0168
1,D,1.4426,2.1181,7.0170
1,D,1.4595,2.1379,7.0171
1,D,1.4765,2.1579,7.0172
1,D,1.4935,2.1784,7.0173
1,D,1.5104,2.1991,7.0173
1,D,1.5274,2.2202,7.0174
1,D,1.5444,2.2417,7.0174
1,D,1.5614,2.2635,7.0174
1,D,1.5783,2.2856,7.0173
1,D,1.5953,2.3081,7.0173
1,D,1.6123,2.3309,7.0172
1,D,1.6292,2.3541,7.0171
1,D,1.6462,2.3776,7.0169
1,D,1.6632,2.4015,7.0168
1,D,1.6802,2.4257,7.0166
1,D,1.6971,2.4502,7.0163
1,D,1.7141,2.4751,7.0161
1,D,1.7311,2.5004,7.0158
1,D,1.7480,2.5259,7.0155
1,D,1.7650,2.5518,7.0151
1,D,1.7820,2.5781,7.0147
1,D,1.7990,2.6047,7.0143
1,D,1.8159,2.6317,7.0138
1,D,1.8329,2.6590,7.0133
1,D,1.8499,2.6866,7.0128
1,D,1.8668,2.7146,7.0122
1,D,1.8838,2.7429,7.0115
1,D,1.9008,2.7715,7.0109
1,D,1.9178,2.8005,7.0102
1,D,1.9347,2.8297,7.0094
1,D,1.9517,2.8594,7.0087
1,D,1.9687,2.8893,7.0078
1,D,1.9856,2.9196,7.0069
1,D,2.0026,2.9502,7.0060
1,D,2.0196,2.9811,7.0051
1,D,2.0366,3.0123,7.0041
1,D,2.0535,3.0438,7.0030
1,D,2.0705,3.0757,7.0019
1,D,2.0875,3.1078,7.0008
1,D,2.1044,3.1403,6.9996
1,D,2.1214,3.1730,6.9983
1,D,2.1384,3.2061,6.9970
1,D,2.1554,3.2395,6.9957
1,D,2.1723,3.2732,6.9943
1,D,2.1893,3.3071,6.9928
1,D,2.2063,3.3414,6.9913
1,D,2.2232,3.3759,6.9898
1,D,2.2402,3.4108,6.9882
1,D,2.2572,3.4459,6.9865
1,D,2.2742,3.4813,6.9848
1,D,2.2911,3.5171,6.9830
1,D,2.3081,3.5530,6.9812
1,D,2.3251,3.5893,6.9793
1,D,2.3420,3.6259,6.9773
1,D,2.3590,3.6627,6.9753
1,D,2.3760,3.6998,6.9733
1,D,2.3930,3.7372,6.9712
1,D,2.4099,3.7748,6.9690
1,D,2.4269,3.8127,6.9667
1,D,2.4439,3.8509,6.9644
1,D,2.4608,3.8893,6.9620
1,D,2.4778,3.9280,6.9596
1,D,2.4948,3.9669,6.9571
1,D,2.5118,4.0061,6.9546
1,D,2.5287,4.0456,6.9520
1,D,2.5457,4.0853,6.9493
1,D,2.5627,4.1252,6.9466
1,D,2.5796,4.1654,6.9438
1,D,2.5966,4.2058,6.9409
1,D,2.6136,4.2464,6.9380
1,D,2.6305,4.2873,6.9350
1,D,2.6475,4.3283,6.9320
1,D,2.6645,4.3697,6.9289
1,D,2.6815,4.4112,6.9257
1,D,2.6984,4.4529,6.9225
1,D,2.7154,4.4949,6.9192
1,D,2.7324,4.5371,6.9158
1,D,2.7493,4.5794,6.9124
1,D,2.7663,4.6220,6.9090
1,D,2.7833,4.6648,6.9054
1,D,2.8003,4.7078,6.9018
1,D,2.8172,4.7509,6.8982
1,D,2.8342,4.7943,6.8944
1,D,2.8512,4.8378,6.8907
1,D,2.8681,4.8816,6.8868
1,D,2.8851,4.9255,6.8829
1,D,2.9021,4.9696,6.8789
1,D,2.9191,5.0138,6.8749
1,D,2.9360,5.0583,6.8708
1,D,2.9530,5.1029,6.8667
1,D,2.9700,5.1476,6.8624
1,D,2.9869,5.1926,6.8582
1,D,3.0039,5.2376,6.8538
1,D,3.0209,5.2829,6.8494
1,D,3.0379,5.3283,6.8450
1,D,3.0548,5.3738,6.8404
1,D,3.0718,5.4195,6.8358
1,D,3.0888,5.4654,6.8312
1,D,3.1057,5.5113,6.8265
1,D,3.1227,5.5574,6.8218
1,D,3.1397,5.6037,6.8169
1,D,3.1567,5.6500,6.8121
1,D,3.1736,5.6965,6.8072
1,D,3.1906,5.7431,6.8022
1,D,3.2076,5.7899,6.7972
1,D,3.2245,5.8367,6.7921
1,D,3.2415,5.8837,6.7870
1,D,3.2585,5.9308,6.7818
1,D,3.2755,5.9779,6.7766
1,D,3.2924,6.0252,6.7714
1,D,3.3094,6.0726,6.7661
1,D,3.3264,6.1201,6.7607
1,D,3.3433,6.1677,6.7553
1,D,3.3603,6.2153,6.7499
1,D,3.3773,6.2631,6.7444
1,D,3.3943,6.3109,6.7389
1,D,3.4112,6.3588,6.7334
1,D,3.4282,6.4068,6.7278
1,D,3.4452,6.4548,6.7222
1,D,3.4621,6.5030,6.7165
1,D,3.4791,6.5511,6.7108
1,D,3.4961,6.5994,6.7051
1,D,3.5131,6.6477,6.6994
1,D,3.5300,6.6961,6.6936
1,D,3.5470,6.7445,6.6878
1,D,3.5640,6.7930,6.6819
1,D,3.5809,6.8415,6.6760
1,D,3.5979,6.8901,6.6701
1,D,3.6149,6.9387,6.6642
1,D,3.6319,6.9873,6.6583
1,D,3.6488,7.0360,6.6523
1,D,3.6658,7.0847,6.6463
1,D,3.6828,7.1334,6.6403
1,D,3.6997,7.1822,6.6343
1,D,3.7167,7.2310,6.6283
1,D,3.7337,7.2798,6.6222
1,D,3.7507,7.3286,6.6162
1,D,3.7676,7.3775,6.6101
1,D,3.7846,7.4264,6.6041
1,D,3.8016,7.4753,6.5981
1,D,3.8185,7.5242,6.5920
1,D,3.8355,7.5731,6.5860
1,D,3.8525,7.6220,6.5800
1,D,3.8695,7.6709,6.5739
1,D,3.8864,7.7198,6.5679
1,D,3.9034,7.7687,6.5620
1,D,3.9204,7.8177,6.5560
1,D,3.9373,7.8666,6.5501
1,D,3.9543,7.9155,6.5441
1,D,3.9713,7.9644,6.5382
1,D,3.9883,8.0133,6.5324
1,D,4.0052,8.0621,6.5265
1,D,4.0222,8.1110,6.5207
1,D,4.0392,8.1598,6.5150
1,D,4.0561,8.2086,6.5093
1,D,4.0731,8.2574,6.5036
1,D,4.0901,8.3061,6.4979
1,D,4.1071,8.3549,6.4924
1,D,4.1240,8.4036,6.4868
1,D,4.1410,8.4522,6.4813
1,D,4.1580,8.5009,6.4759
1,D,4.1749,8.5494,6.4705
1,D,4.1919,8.5980,6.4652
1,D,4.2089,8.6465,6.4599
1,D,4.2258,8.6950,6.4547
1,D,4.2428,8.7434,6.4496
1,D,4.2598,8.7917,6.4445
1,D,4.2768,8.8400,6.4395
1,D,4.2937,8.8883,6.4346
1,D,4.3107,8.9365,6.4298
1,D,4.3277,8.9847,6.4250
1,D,4.3446,9.0328,6.4204
1,D,4.3616,9.0808,6.4158
1,D,4.3786,9.1288,6.4113
1,D,4.3956,9.1768,6.4069
1,D,4.4125,9.2247,6.4026
1,D,4.4295,9.2725,6.3984
1,D,4.4465,9.3202,6.3943
1,D,4.4634,9.3679,6.3903
1,D,4.4804,9.4155,6.3864
1,D,4.4974,9.4631,6.3826
1,D,4.5144,9.5106,6.3790
1,D,4.5313,9.5580,6.3754
1,D,4.5483,9.6054,6.3720
1,D,4.5653,9.6526,6.3687
1,D,4.5822,9.6999,6.3655
1,D,4.5992,9.7470,6.3625
1,D,4.6162,9.7940,6.3596
1,D,4.6332,9.8410,6.3568
1,D,4.6501,9.8879,6.3542
1,D,4.6671,9.9347,6.3517
1,D,4.6841,9.9815,6.3493
1,D,4.7010,10.0281,6.3471
1,D,4.7180,10.0747,6.3451
1,D,4.7350,10.1212,6.3432
1,D,4.7520,10.1676,6.3414
1,D,4.7689,10.2139,6.3398
1,D,4.7859,10.2602,6.3384
1,D,4.8029,10.3063,6.3371
1,D,4.8198,10.3523,6.3360
1,D,4.8368,10.3983,6.3351
1,D,4.8538,10.4441,6.3344
1,D,4.8708,10.4899,6.3338
1,D,4.8877,10.5356,6.3334
1,D,4.9047,10.5812,6.3332
1,D,4.9217,10.6267,6.3331
1,D,4.9386,10.6721,6.3333
1,D,4.9556,10.7174,6.3336
1,D,4.9726,10.7626,6.3341
1,D,4.9896,10.8077,6.3348
1,D,5.0065,10.8528,6.3357
1,D,5.0235,10.8977,6.3368
1,D,5.0405,10.9426,6.3381
1,D,5.0574,10.9873,6.3396
1,D,5.0744,11.0320,6.3414
1,D,5.0914,11.0766,6.3433
1,D,5.1084,11.1210,6.3454
1,D,5.1253,11.1654,6.3477
1,D,5.1423,11.2097,6.3503
1,D,5.1593,11.2539,6.3531
1,D,5.1762,11.2980,6.3561
1,D,5.1932,11.3420,6.3593
1,D,5.2102,11.3859,6.3627
1,D,5.2272,11.4297,6.3664
1,D,5.2441,11.4734,6.3703
1,D,5.2611,11.5171,6.3744
1,D,5.2781,11.5606,6.3787
1,D,5.2950,11.6040,6.3833
1,D,5.3120,11.6474,6.3882
1,D,5.3290,11.6906,6.3933
1,D,5.3460,11.7338,6.3986
1,D,5.3629,11.7768,6.4041
1,D,5.3799,11.8198,6.4100
1,D,5.3969,11.8627,6.4160
1,D,5.4138,11.9054,6.4224
1,D,5.4308,11.9481,6.4289
1,D,5.4478,11.9907,6.4358
1,D,5.4648,12.0332,6.4429
1,D,5.4817,12.0756,6.4502
1,D,5.4987,12.1179,6.4578
1,D,5.5157,12.1601,6.4657
1,D,5.5326,12.2022,6.4738
1,D,5.5496,12.2443,6.4822
1,D,5.5666,12.2863,6.4908
1,D,5.5836,12.3281,6.4998
1,D,5.6005,12.3699,6.5089
1,D,5.6175,12.4117,6.5184
1,D,5.6345,12.4533,6.5281
1,D,5.6514,12.4948,6.5381
1,D,5.6684,12.5363,6.5483
1,D,5.6854,12.5777,6.5589
1,D,5.7024,12.6191,6.5697
1,D,5.7193,12.6603,6.5807
1,D,5.7363,12.7015,6.5921
1,D,5.7533,12.7426,6.6037
1,D,5.7702,12.7836,6.6156
1,D,5.7872,12.8246,6.6278
1,D,5.8042,12.8655,6.6402
1,D,5.8212,12.9063,6.6529
1,D,5.8381,12.9471,6.6660
1,D,5.8551,12.9878,6.6792
1,D,5.8721,13.0285,6.6928
1,D,5.8890,13.0690,6.7067
1,D,5.9060,13.1096,6.7208
1,D,5.9230,13.1500,6.7352
1,D,5.9399,13.1904,6.7500
1,D,5.9569,13.2308,6.7650
1,D,5.9739,13.2711,6.7802
1,D,5.9909,13.3113,6.7958
1,D,6.0078,13.3515,6.8117
1,D,6.0248,13.3916,6.8278
1,D,6.0418,13.4317,6.8443
1,D,6.0587,13.4717,6.8610
1,D,6.0757,13.5117,6.8780
1,D,6.0927,13.5517,6.8953
1,D,6.1097,13.5916,6.9129
1,D,6.1266,13.6314,6.9308
1,D,6.1436,13.6713,6.9490
1,D,6.1606,13.7111,6.9674
1,D,6.1775,13.7509,6.9861
1,D,6.1945,13.7907,7.0051
1,D,6.2115,13.8304,7.0243
1,D,6.2285,13.8701,7.0439
1,D,6.2454,13.9099,7.0637
1,D,6.2624,13.9495,7.0837
1,D,6.2794,13.9892,7.1041
1,D,6.2963,14.0289,7.1247
1,D,6.3133,14.0686,7.1456
1,D,6.3303,14.1082,7.1668
1,D,6.3473,14.1479,7.1882
1,D,6.3642,14.1876,7.2099
1,D,6.3812,14.2273,7.2318
1,D,6.3982,14.2669,7.2540
1,D,6.4151,14.3066,7.2765
1,D,6.4321,14.3463,7.2992
1,D,6.4491,14.3861,7.3222
1,D,6.4661,14.4258,7.3455
1,D,6.4830,14.4656,7.3690
1,D,6.5000,14.5053,7.3927
1,D,6.5170,14.5452,7.4167
1,D,6.5339,14.5850,7.4410
1,D,6.5509,14.6249,7.4655
1,D,6.5679,14.6648,7.4903
1,D,6.5849,14.7047,7.5153
1,D,6.6018,14.7447,7.5405
1,D,6.6188,14.7847,7.5660
1,D,6.6358,14.8248,7.5917
1,D,6.6527,14.8649,7.6177
1,D,6.6697,14.9051,7.6438
1,D,6.6867,14.9453,7.6702
1,D,6.7037,14.9855,7.6967
1,D,6.7206,15.0259,7.7235
1,D,6.7376,15.0662,7.7504
1,D,6.7546,15.1067,7.7774
1,D,6.7715,15.1472,7.8046
1,D,6.7885,15.1877,7.8320
1,D,6.8055,15.2283,7.8594
1,D,6.8225,15.2690,7.8870
1,D,6.8394,15.3097,7.9148
1,D,6.8564,15.3506,7.9426
1,D,6.8734,15.3914,7.9705
1,D,6.8903,15.4324,7.9985
1,D,6.9073,15.4734,8.0265
1,D,6.9243,15.5145,8.0546
1,D,6.9413,15.5557,8.0828
1,D,6.9582,15.5970,8.1110
1,D,6.9752,15.6384,8.1393
1,D,6.9922,15.6798,8.1675
1,D,7.0091,15.7213,8.1958
1,D,7.0261,15.7629,8.2241
1,D,7.0431,15.8047,8.2524
1,D,7.0601,15.8464,8.2806
1,D,7.0770,15.8883,8.3089
1,D,7.0940,15.9303,8.3371
1,D,7.1110,15.9724,8.3652
1,D,7.1279,16.0146,8.3933
1,D,7.1449,16.0569,8.4213
1,D,7.1619,16.0993,8.4493
1,D,7.1789,16.1418,8.4772
1,D,7.1958,16.1844,8.5049
1,D,7.2128,16.2271,8.5326
1,D,7.2298,16.2700,8.5601
1,D,7.2467,16.3129,8.5875
1,D,7.2637,16.3559,8.6146
1,D,7.2807,16.3991,8.6416
1,D,7.2977,16.4423,8.6683
1,D,7.3146,16.4857,8.6948
1,D,7.3316,16.5292,8.7210
1,D,7.3486,16.5727,8.7469
1,D,7.3655,16.6164,8.7724
1,D,7.3825,16.6601,8.7976
1,D,7.3995,16.7040,8.8224
1,D,7.4165,16.7479,8.8467
1,D,7.4334,16.7920,8.8707
1,D,7.4504,16.8361,8.8942
1,D,7.4674,16.8804,8.9172
1,D,7.4843,16.9247,8.9397
1,D,7.5013,16.9692,8.9617
1,D,7.5183,17.0137,8.9831
1,D,7.5353,17.0583,9.0039
1,D,7.5522,17.1030,9.0241
1,D,7.5692,17.1478,9.0437
1,D,7.5862,17.1927,9.0626
1,D,7.6031,17.2376,9.0809
1,D,7.6201,17.2827,9.0984
1,D,7.6371,17.3278,9.1152
1,D,7.6540,17.3731,9.1313
1,D,7.6710,17.4184,9.1466
1,D,7.6880,17.4637,9.1611
1,D,7.7050,17.5092,9.1747
1,D,7.7219,17.5548,9.1875
1,D,7.7389,17.6004,9.1994
1,D,7.7559,17.6461,9.2104
1,D,7.7728,17.6919,9.2205
1,D,7.7898,17.7378,9.2296
1,D,7.8068,17.7837,9.2378
1,D,7.8238,17.8297,9.2450
1,D,7.8407,17.8757,9.2512
1,D,7.8577,17.9217,9.2565
1,D,7.8747,17.9678,9.2608
1,D,7.8916,18.0138,9.2642
1,D,7.9086,18.0597,9.2667
1,D,7.9256,18.1056,9.2683
1,D,7.9426,18.1514,9.2689
1,D,7.9595,18.1971,9.2687
1,D,7.9765,18.2427,9.2675
1,D,7.9935,18.2882,9.2654
1,D,8.0104,18.3334,9.2625
1,D,8.0274,18.3785,9.2587
1,D,8.0444,18.4234,9.2540
1,D,8.0614,18.4681,9.2484
1,D,8.0783,18.5125,9.2420
1,D,8.0953,18.5567,9.2348
1,D,8.1123,18.6005,9.2267
1,D,8.1292,18.6441,9.2178
1,D,8.1462,18.6874,9.2080
1,D,8.1632,18.7303,9.1974
1,D,8.1802,18.7729,9.1860
1,D,8.1971,18.8150,9.1739
1,D,8.2141,18.8568,9.1609
1,D,8.2311,18.8982,9.1471
1,D,8.2480,18.9391,9.1325
1,D,8.2650,18.9796,9.1172
1,D,8.2820,19.0196,9.1011
1,D,8.2990,19.0591,9.0842
1,D,8.3159,19.0980,9.0666
1,D,8.3329,19.1365,9.0483
1,D,8.3499,19.1744,9.0292
1,D,8.3668,19.2117,9.0093
1,D,8.3838,19.2484,8.9888
1,D,8.4008,19.2845,8.9675
1,D,8.4178,19.3200,8.9455
1,D,8.4347,19.3548,8.9229
1,D,8.4517,19.3891,8.8996
1,D,8.4687,19.4227,8.8757
1,D,8.4856,19.4558,8.8513
1,D,8.5026,19.4882,8.8262
1,D,8.5196,19.5200,8.8006
1,D,8.5366,19.5513,8.7745
1,D,8.5535,19.5819,8.7479
1,D,8.5705,19.6119,8.7209
1,D,8.5875,19.6414,8.6934
1,D,8.6044,19.6702,8.6655
1,D,8.6214,19.6985,8.6373
1,D,8.6384,19.7261,8.6086
1,D,8.6554,19.7532,8.5796
1,D,8.6723,19.7797,8.5504
1,D,8.6893,19.8056,8.5208
1,D,8.7063,19.8310,8.4910
1,D,8.7232,19.8557,8.4610
1,D,8.7402,19.8799,8.4307
1,D,8.7572,19.9035,8.4003
1,D,8.7742,19.9266,8.3697
1,D,8.7911,19.9491,8.3390
1,D,8.8081,19.9710,8.3082
1,D,8.8251,19.9923,8.2773
1,D,8.8420,20.0131,8.2464
1,D,8.8590,20.0333,8.2154
1,D,8.8760,20.0530,8.1844
1,D,8.8930,20.0721,8.1535
1,D,8.9099,20.0906,8.1226
1,D,8.9269,20.1086,8.0918
1,D,8.9439,20.1260,8.0611
1,D,8.9608,20.1429,8.0306
1,D,8.9778,20.1593,8.0002
1,D,8.9948,20.1751,7.9699
1,D,9.0118,20.1904,7.9399
1,D,9.0287,20.2051,7.9101
1,D,9.0457,20.2193,7.8805
1,D,9.0627,20.2331,7.8512
1,D,9.0796,20.2463,7.8222
1,D,9.0966,20.2590,7.7934
1,D,9.1136,20.2713,7.7649
1,D,9.1306,20.2831,7.7367
1,D,9.1475,20.2944,7.7089
1,D,9.1645,20.3053,7.6814
1,D,9.1815,20.3158,7.6543
1,D,9.1984,20.3259,7.6275
1,D,9.2154,20.3355,7.6012
1,D,9.2324,20.3447,7.5753
1,D,9.2493,20.3536,7.5497
1,D,9.2663,20.3620,7.5247
1,D,9.2833,20.3701,7.5001
1,D,9.3003,20.3778,7.4759
1,D,9.3172,20.3852,7.4523
1,D,9.3342,20.3923,7.4292
1,D,9.3512,20.3990,7.4066
1,D,9.3681,20.4054,7.3845
1,D,9.3851,20.4114,7.3630
1,D,9.4021,20.4172,7.3420
1,D,9.4191,20.4227,7.3217
1,D,9.4360,20.4279,7.3019
1,D,9.4530,20.4329,7.2828
1,D,9.4700,20.4375,7.2643
1,D,9.4869,20.4420,7.2465
1,D,9.5039,20.4462,7.2293
1,D,9.5209,20.4502,7.2128
1,D,9.5379,20.4539,7.1970
1,D,9.5548,20.4575,7.1820
1,D,9.5718,20.4608,7.1676
1,D,9.5888,20.4640,7.1541
1,D,9.6057,20.4670,7.1412
1,D,9.6227,20.4698,7.1291
1,D,9.6397,20.4725,7.1177
1,D,9.6567,20.4750,7.1070
1,D,9.6736,20.4773,7.0970
1,D,9.6906,20.4795,7.0876
1,D,9.7076,20.4816,7.0789
1,D,9.7245,20.4835,7.0707
1,D,9.7415,20.4852,7.0632
1,D,9.7585,20.4869,7.0561
1,D,9.7755,20.4884,7.0497
1,D,9.7924,20.4898,7.0437
1,D,9.8094,20.4911,7.0383
1,D,9.8264,20.4922,7.0333
1,D,9.8433,20.4933,7.0287
1,D,9.8603,20.4942,7.0246
1,D,9.8773,20.4951,7.0210
1,D,9.8943,20.4959,7.0177
1,D,9.9112,20.4966,7.0147
1,D,9.9282,20.4972,7.0121
1,D,9.9452,20.4977,7.0099
1,D,9.9621,20.4982,7.0079
1,D,9.9791,20.4985,7.0062
1,D,9.9961,20.4989,7.0048
1,D,10.0131,20.4992,7.0036
1,D,10.0300,20.4994,7.0026
1,D,10.0470,20.4996,7.0018
1,D,10.0640,20.4997,7.0012
1,D,10.0809,20.4998,7.0008
1,D,10.0979,20.4999,7.0004
1,D,10.1149,20.4999,7.0002
1,D,10.1319,20.5000,7.0001
1,D,10.1488,20.5000,7.0000
1,D,10.1658,20.5000,7.0000
1,D,10.1828,20.5000,7.0000
2,A,0.0000,1.5000,7.0000
2,A,0.0131,1.5000,7.0000
2,A,0.0263,1.5000,7.0000
2,A,0.0394,1.5001,7.0000
2,A,0.0525,1.5002,7.0000
2,A,0.0656,1.5005,7.0000
2,A,0.0788,1.5008,7.0001
2,A,0.0919,1.5013,7.0001
2,A,0.1050,1.5019,7.0002
2,A,0.1181,1.5027,7.0002
2,A,0.1313,1.5037,7.0003
2,A,0.1444,1.5048,7.0004
2,A,0.1575,1.5062,7.0006
2,A,0.1707,1.5079,7.0007
2,A,0.1838,1.5098,7.0009
2,A,0.1969,1.5119,7.0011
2,A,0.2100,1.5143,7.0014
2,A,0.2232,1.5171,7.0017
2,A,0.2363,1.5201,7.0020
2,A,0.2494,1.5235,7.0023
2,A,0.2625,1.5272,7.0027
2,A,0.2757,1.5312,7.0032
2,A,0.2888,1.5356,7.0037
2,A,0.3019,1.5404,7.0042
2,A,0.3151,1.5455,7.0048
2,A,0.3282,1.5511,7.0054
2,A,0.3413,1.5570,7.0061
2,A,0.3544,1.5633,7.0069
2,A,0.3676,1.5701,7.0077
2,A,0.3807,1.5773,7.0086
2,A,0.3938,1.5849,7.0095
2,A,0.4069,1.5929,7.0105
2,A,0.4201,1.6014,7.0116
2,A,0.4332,1.6103,7.0127
2,A,0.4463,1.6197,7.0140
2,A,0.4595,1.6295,7.0153
2,A,0.4726,1.6398,7.0166
2,A,0.4857,1.6505,7.0181
2,A,0.4988,1.6618,7.0196
2,A,0.5120,1.6735,7.0213
2,A,0.5251,1.6856,7.0230
2,A,0.5382,1.6983,7.0248
2,A,0.5513,1.7114,7.0267
2,A,0.5645,1.7250,7.0287
2,A,0.5776,1.7391,7.0307
2,A,0.5907,1.7537,7.0329
2,A,0.6039,1.7688,7.0352
2,A,0.6170,1.7843,7.0376
2,A,0.6301,1.8004,7.0401
2,A,0.6432,1.8169,7.0427
2,A,0.6564,1.8339,7.0454
2,A,0.6695,1.8514,7.0482
2,A,0.6826,1.8694,7.0511
2,A,0.6958,1.8878,7.0542
2,A,0.7089,1.9067,7.0573
2,A,0.7220,1.9261,7.0606
2,A,0.7351,1.9460,7.0640
2,A,0.7483,1.9664,7.0675
2,A,0.7614,1.9872,7.0711
2,A,0.7745,2.0084,7.0749
2,A,0.7876,2.0302,7.0788
2,A,0.8008,2.0524,7.0828
2,A,0.8139,2.0750,7.0869
2,A,0.8270,2.0981,7.0911
2,A,0.8402,2.1217,7.0955
2,A,0.8533,2.1456,7.1000
2,A,0.8664,2.1700,7.1047
2,A,0.8795,2.1949,7.1095
2,A,0.8927,2.2201,7.1144
2,A,0.9058,2.2458,7.1194
2,A,0.9189,2.2719,7.1246
2,A,0.9320,2.2984,7.1299
2,A,0.9452,2.3253,7.1353
2,A,0.9583,2.3526,7.1409
2,A,0.9714,2.3803,7.1466
2,A,0.9846,2.4083,7.1524
2,A,0.9977,2.4368,7.1584
2,A,1.0108,2.4656,7.1645
2,A,1.0239,2.4947,7.1707
2,A,1.0371,2.5242,7.1771
2,A,1.0502,2.5541,7.1836
2,A,1.0633,2.5843,7.1902
2,A,1.0764,2.6148,7.1970
2,A,1.0896,2.6457,7.2039
2,A,1.1027,2.6769,7.2109
2,A,1.1158,2.7084,7.2180
2,A,1.1290,2.7401,7.2253
2,A,1.1421,2.7722,7.2327
2,A,1.1552,2.8046,7.2402
2,A,1.1683,2.8372,7.2479
2,A,1.1815,2.8701,7.2556
2,A,1.1946,2.9033,7.2635
2,A,1.2077,2.9368,7.2715
2,A,1.2208,2.9704,7.2796
2,A,1.2340,3.0043,7.2878
2,A,1.2471,3.0385,7.2961
2,A,1.2602,3.0729,7.3045
2,A,1.2734,3.1075,7.3130
2,A,1.2865,3.1423,7.3216
2,A,1.2996,3.1772,7.3303
2,A,1.3127,3.2124,7.3391
2,A,1.3259,3.2478,7.3480
2,A,1.3390,3.2834,7.3570
2,A,1.3521,3.3191,7.3661
2,A,1.3652,3.3550,7.3753
2,A,1.3784,3.3910,7.3845
2,A,1.3915,3.4272,7.3938
2,A,1.4046,3.4635,7.4032
2,A,1.4178,3.5000,7.4126
2,A,1.4309,3.5366,7.4221
2,A,1.4440,3.5733,7.4317
2,A,1.4571,3.6101,7.4414
2,A,1.4703,3.6471,7.4510
2,A,1.4834,3.6841,7.4608
2,A,1.4965,3.7213,7.4706
2,A,1.5096,3.7585,7.4804
2,A,1.5228,3.7958,7.4902
2,A,1.5359,3.8332,7.5001
2,A,1.5490,3.8707,7.5101
2,A,1.5622,3.9083,7.5200
2,A,1.5753,3.9459,7.5300
2,A,1.5884,3.9836,7.5400
2,A,1.6015,4.0213,7.5500
2,A,1.6147,4.0591,7.5601
2,A,1.6278,4.0970,7.5701
2,A,1.6409,4.1349,7.5801
2,A,1.6540,4.1728,7.5902
2,A,1.6672,4.2108,7.6002
2,A,1.6803,4.2488,7.6102
2,A,1.6934,4.2869,7.6203
2,A,1.7066,4.3250,7.6303
2,A,1.7197,4.3631,7.6402
2,A,1.7328,4.4013,7.6502
2,A,1.7459,4.4395,7.6601
2,A,1.7591,4.4777,7.6700
2,A,1.7722,4.5160,7.6799
2,A,1.7853,4.5543,7.6897
2,A,1.7985,4.5926,7.6995
2,A,1.8116,4.6309,7.7092
2,A,1.8247,4.6692,7.7189
2,A,1.8378,4.7076,7.7285
2,A,1.8510,4.7460,7.7381
2,A,1.8641,4.7844,7.7476
2,A,1.8772,4.8228,7.7570
2,A,1.8903,4.8613,7.7664
2,A,1.9035,4.8997,7.7757
2,A,1.9166,4.9382,7.7849
2,A,1.9297,4.9767,7.7940
2,A,1.9429,5.0152,7.8031
2,A,1.9560,5.0538,7.8120
2,A,1.9691,5.0923,7.8209
2,A,1.9822,5.1309,7.8297
2,A,1.9954,5.1695,7.8383
2,A,2.0085,5.2081,7.8469
2,A,2.0216,5.2467,7.8554
2,A,2.0347,5.2854,7.8637
2,A,2.0479,5.3240,7.8719
2,A,2.0610,5.3627,7.8801
2,A,2.0741,5.4014,7.8881
2,A,2.0873,5.4401,7.8959
2,A,2.1004,5.4788,7.9037
2,A,2.1135,5.5176,7.9113
2,A,2.1266,5.5564,7.9188
2,A,2.1398,5.5952,7.9261
2,A,2.1529,5.6340,7.9333
2,A,2.1660,5.6728,7.9404
2,A,2.1791,5.7117,7.9473
2,A,2.1923,5.7506,7.9541
2,A,2.2054,5.7895,7.9607
2,A,2.2185,5.8284,7.9672
2,A,2.2317,5.8673,7.9735
2,A,2.2448,5.9063,7.9796
2,A,2.2579,5.9453,7.9856
2,A,2.2710,5.9843,7.9915
2,A,2.2842,6.0234,7.9971
2,A,2.2973,6.0624,8.0026
2,A,2.3104,6.1015,8.0080
2,A,2.3235,6.1406,8.0131
2,A,2.3367,6.1797,8.0181
2,A,2.3498,6.2189,8.0229
2,A,2.3629,6.2581,8.0276
2,A,2.3761,6.2973,8.0320
2,A,2.3892,6.3365,8.0363
2,A,2.4023,6.3757,8.0404
2,A,2.4154,6.4150,8.0443
2,A,2.4286,6.4542,8.0481
2,A,2.4417,6.4935,8.0516
2,A,2.4548,6.5329,8.0550
2,A,2.4679,6.5722,8.0582
2,A,2.4811,6.6115,8.0612
2,A,2.4942,6.6509,8.0640
2,A,2.5073,6.6903,8.0666
2,A,2.5205,6.7297,8.0690
2,A,2.5336,6.7691,8.0713
2,A,2.5467,6.8085,8.0733
2,A,2.5598,6.8479,8.0752
2,A,2.5730,6.8874,8.0769
2,A,2.5861,6.9268,8.0784
2,A,2.5992,6.9663,8.0797
2,A,2.6123,7.0057,8.0808
2,A,2.6255,7.0452,8.0818
2,A,2.6386,7.0847,8.0825
2,A,2.6517,7.1241,8.0831
2,A,2.6649,7.1636,8.0835
2,A,2.6780,7.2031,8.0837
2,A,2.6911,7.2426,8.0838
2,A,2.7042,7.2821,8.0836
2,A,2.7174,7.3215,8.0833
2,A,2.7305,7.3610,8.0828
2,A,2.7436,7.4005,8.0822
2,A,2.7567,7.4399,8.0813
2,A,2.7699,7.4794,8.0804
2,A,2.7830,7.5189,8.0792
2,A,2.7961,7.5583,8.0779
2,A,2.8093,7.5978,8.0765
2,A,2.8224,7.6372,8.0748
2,A,2.8355,7.6766,8.0731
2,A,2.8486,7.7160,8.0712
2,A,2.8618,7.7555,8.0692
2,A,2.8749,7.7949,8.0670
2,A,2.8880,7.8343,8.0647
2,A,2.9012,7.8736,8.0622
2,A,2.9143,7.9130,8.0597
2,A,2.9274,7.9524,8.0570
2,A,2.9405,7.9918,8.0542
2,A,2.9537,8.0311,8.0513
2,A,2.9668,8.0705,8.0483
2,A,2.9799,8.1098,8.0452
2,A,2.9930,8.1492,8.0421
2,A,3.0062,8.1885,8.0388
2,A,3.0193,8.2278,8.0354
2,A,3.0324,8.2671,8.0320
2,A,3.0456,8.3065,8.0285
2,A,3.0587,8.3458,8.0250
2,A,3.0718,8.3851,8.0213
2,A,3.0849,8.4244,8.0177
2,A,3.0981,8.4637,8.0140
2,A,3.1112,8.5030,8.0102
2,A,3.1243,8.5423,8.0064
2,A,3.1374,8.5816,8.0026
2,A,3.1506,8.6209,7.9987
2,A,3.1637,8.6601,7.9949
2,A,3.1768,8.6994,7.9910
2,A,3.1900,8.7387,7.9871
2,A,3.2031,8.7780,7.9833
2,A,3.2162,8.8173,7.9794
2,A,3.2293,8.8566,7.9756
2,A,3.2425,8.8959,7.9717
2,A,3.2556,8.9352,7.9679
2,A,3.2687,8.9745,7.9641
2,A,3.2818,9.0138,7.9604
2,A,3.2950,9.0531,7.9567
2,A,3.3081,9.0924,7.9530
2,A,3.3212,9.1318,7.9494
2,A,3.3344,9.1711,7.9459
2,A,3.3475,9.2104,7.9424
2,A,3.3606,9.2497,7.9390
2,A,3.3737,9.2891,7.9356
2,A,3.3869,9.3284,7.9323
2,A,3.4000,9.3678,7.9292
2,A,3.4131,9.4071,7.9261
2,A,3.4262,9.4465,7.9231
2,A,3.4394,9.4858,7.9202
2,A,3.4525,9.5252,7.9173
2,A,3.4656,9.5646,7.9146
2,A,3.4788,9.6040,7.9121
2,A,3.4919,9.6433,7.9096
2,A,3.5050,9.6827,7.9072
2,A,3.5181,9.7221,7.9050
2,A,3.5313,9.7615,7.9029
2,A,3.5444,9.8009,7.9009
2,A,3.5575,9.8403,7.8990
2,A,3.5706,9.8797,7.8973
2,A,3.5838,9.9191,7.8957
2,A,3.5969,9.9586,7.8943
2,A,3.6100,9.9980,7.8930
2,A,3.6232,10.0374,7.8918
2,A,3.6363,10.0768,7.8908
2,A,3.6494,10.1163,7.8900
2,A,3.6625,10.1557,7.8893
2,A,3.6757,10.1951,7.8887
2,A,3.6888,10.2346,7.8883
2,A,3.7019,10.2740,7.8881
2,A,3.7150,10.3134,7.8880
2,A,3.7282,10.3528,7.8881
2,A,3.7413,10.3923,7.8884
2,A,3.7544,10.4317,7.8887
2,A,3.7676,10.4711,7.8893
2,A,3.7807,10.5106,7.8900
2,A,3.7938,10.5500,7.8909
2,A,3.8069,10.5894,7.8919
2,A,3.8201,10.6288,7.8931
2,A,3.8332,10.6682,7.8945
2,A,3.8463,10.7076,7.8960
2,A,3.8594,10.7470,7.8977
2,A,3.8726,10.7864,7.8995
2,A,3.8857,10.8258,7.9015
2,A,3.8988,10.8651,7.9036
2,A,3.9120,10.9045,7.9059
2,A,3.9251,10.9439,7.9083
2,A,3.9382,10.9832,7.9109
2,A,3.9513,11.0226,7.9136
2,A,3.9645,11.0619,7.9165
2,A,3.9776,11.1012,7.9195
2,A,3.9907,11.1405,7.9227
2,A,4.0038,11.1798,7.9259
2,A,4.0170,11.2191,7.9294
2,A,4.0301,11.2584,7.9329
2,A,4.0432,11.2977,7.9366
2,A,4.0564,11.3369,7.9403
2,A,4.0695,11.3762,7.9442
2,A,4.0826,11.4154,7.9483
2,A,4.0957,11.4546,7.9524
2,A,4.1089,11.4939,7.9566
2,A,4.1220,11.5331,7.9609
2,A,4.1351,11.5723,7.9654
2,A,4.1483,11.6115,7.9699
2,A,4.1614,11.6507,7.9745
2,A,4.1745,11.6898,7.9792
2,A,4.1876,11.7290,7.9839
2,A,4.2008,11.7682,7.9888
2,A,4.2139,11.8073,7.9937
2,A,4.2270,11.8465,7.9987
2,A,4.2401,11.8856,8.0037
2,A,4.2533,11.9248,8.0088
2,A,4.2664,11.9639,8.0139
2,A,4.2795,12.0031,8.0190
2,A,4.2927,12.0422,8.0242
2,A,4.3058,12.0813,8.0295
2,A,4.3189,12.1205,8.0347
2,A,4.3320,12.1596,8.0400
2,A,4.3452,12.1987,8.0453
2,A,4.3583,12.2379,8.0506
2,A,4.3714,12.2770,8.0559
2,A,4.3845,12.3161,8.0611
2,A,4.3977,12.3553,8.0664
2,A,4.4108,12.3944,8.0717
2,A,4.4239,12.4335,8.0769
2,A,4.4371,12.4727,8.0821
2,A,4.4502,12.5118,8.0873
2,A,4.4633,12.5510,8.0924
2,A,4.4764,12.5901,8.0975
2,A,4.4896,12.6293,8.1025
2,A,4.5027,12.6685,8.1074
2,A,4.5158,12.7076,8.1123
2,A,4.5289,12.7468,8.1171
2,A,4.5421,12.7860,8.1219
2,A,4.5552,12.8252,8.1265
2,A,4.5683,12.8644,8.1311
2,A,4.5815,12.9036,8.1355
2,A,4.5946,12.9428,8.1399
2,A,4.6077,12.9821,8.1441
2,A,4.6208,13.0213,8.1483
2,A,4.6340,13.0605,8.1523
2,A,4.6471,13.0998,8.1561
2,A,4.6602,13.1391,8.1599
2,A,4.6733,13.1783,8.1635
2,A,4.6865,13.2176,8.1670
2,A,4.6996,13.2569,8.1703
2,A,4.7127,13.2962,8.1734
2,A,4.7259,13.3355,8.1764
2,A,4.7390,13.3748,8.1793
2,A,4.7521,13.4141,8.1820
2,A,4.7652,13.4535,8.1845
2,A,4.7784,13.4928,8.1868
2,A,4.7915,13.5322,8.1889
2,A,4.8046,13.5715,8.1909
2,A,4.8177,13.6109,8.1926
2,A,4.8309,13.6502,8.1942
2,A,4.8440,13.6896,8.1956
2,A,4.8571,13.7290,8.1967
2,A,4.8703,13.7683,8.1977
2,A,4.8834,13.8077,8.1984
2,A,4.8965,13.8471,8.1990
2,A,4.9096,13.8865,8.1993
2,A,4.9228,13.9258,8.1994
2,A,4.9359,13.9652,8.1993
2,A,4.9490,14.0046,8.1990
2,A,4.9621,14.0440,8.1984
2,A,4.9753,14.0833,8.1976
2,A,4.9884,14.1227,8.1966
2,A,5.0015,14.1620,8.1954
2,A,5.0147,14.2014,8.1939
2,A,5.0278,14.2407,8.1922
2,A,5.0409,14.2801,8.1903
2,A,5.0540,14.3194,8.1881
2,A,5.0672,14.3587,8.1858
2,A,5.0803,14.3980,8.1831
2,A,5.0934,14.4373,8.1803
2,A,5.1065,14.4766,8.1772
2,A,5.1197,14.5158,8.1739
2,A,5.1328,14.5551,8.1703
2,A,5.1459,14.5943,8.1666
2,A,5.1591,14.6335,8.1626
2,A,5.1722,14.6727,8.1584
2,A,5.1853,14.7118,8.1539
2,A,5.1984,14.7510,8.1493
2,A,5.2116,14.7901,8.1444
2,A,5.2247,14.8292,8.1393
2,A,5.2378,14.8683,8.1340
2,A,5.2510,14.9073,8.1285
2,A,5.2641,14.9464,8.1228
2,A,5.2772,14.9854,8.1168
2,A,5.2903,15.0243,8.1107
2,A,5.3035,15.0633,8.1044
2,A,5.3166,15.1022,8.0979
2,A,5.3297,15.1411,8.0912
2,A,5.3428,15.1799,8.0844
2,A,5.3560,15.2188,8.0773
2,A,5.3691,15.2576,8.0701
2,A,5.3822,15.2963,8.0627
2,A,5.3954,15.3351,8.0551
2,A,5.4085,15.3738,8.0474
2,A,5.4216,15.4125,8.0395
2,A,5.4347,15.4511,8.0315
2,A,5.4479,15.4897,8.0233
2,A,5.4610,15.5283,8.0150
2,A,5.4741,15.5669,8.0066
2,A,5.4872,15.6054,7.9980
2,A,5.5004,15.6439,7.9893
2,A,5.5135,15.6824,7.9805
2,A,5.5266,15.7208,7.9715
2,A,5.5398,15.7592,7.9625
2,A,5.5529,15.7976,7.9533
2,A,5.5660,15.8360,7.9441
2,A,5.5791,15.8743,7.9347
2,A,5.5923,15.9126,7.9253
2,A,5.6054,15.9509,7.9158
2,A,5.6185,15.9892,7.9062
2,A,5.6316,16.0275,7.8965
2,A,5.6448,16.0657,7.8867
2,A,5.6579,16.1039,7.8769
2,A,5.6710,16.1421,7.8671
2,A,5.6842,16.1803,7.8571
2,A,5.6973,16.2185,7.8472
2,A,5.7104,16.2567,7.8371
2,A,5.7235,16.2949,7.8271
2,A,5.7367,16.3330,7.8170
2,A,5.7498,16.3712,7.8069
2,A,5.7629,16.4094,7.7967
2,A,5.7760,16.4475,7.7865
2,A,5.7892,16.4857,7.7763
2,A,5.8023,16.5238,7.7661
2,A,5.8154,16.5620,7.7559
2,A,5.8286,16.6002,7.7457
2,A,5.8417,16.6383,7.7355
2,A,5.8548,16.6765,7.7253
2,A,5.8679,16.7147,7.7151
2,A,5.8811,16.7529,7.7049
2,A,5.8942,16.7911,7.6948
2,A,5.9073,16.8293,7.6846
2,A,5.9204,16.8676,7.6745
2,A,5.9336,16.9058,7.6644
2,A,5.9467,16.9441,7.6544
2,A,5.9598,16.9823,7.6443
2,A,5.9730,17.0206,7.6343
2,A,5.9861,17.0589,7.6244
2,A,5.9992,17.0972,7.6145
2,A,6.0123,17.1356,7.6046
2,A,6.0255,17.1739,7.5948
2,A,6.0386,17.2123,7.5851
2,A,6.0517,17.2506,7.5754
2,A,6.0648,17.2890,7.5657
2,A,6.0780,17.3274,7.5561
2,A,6.0911,17.3658,7.5466
2,A,6.1042,17.4042,7.5371
2,A,6.1174,17.4426,7.5277
2,A,6.1305,17.4810,7.5184
2,A,6.1436,17.5195,7.5091
2,A,6.1567,17.5579,7.4999
2,A,6.1699,17.5963,7.4907
2,A,6.1830,17.6347,7.4817
2,A,6.1961,17.6731,7.4727
2,A,6.2092,17.7115,7.4637
2,A,6.2224,17.7499,7.4549
2,A,6.2355,17.7882,7.4461
2,A,6.2486,17.8266,7.4374
2,A,6.2618,17.8649,7.4288
2,A,6.2749,17.9032,7.4203
2,A,6.2880,17.9414,7.4118
2,A,6.3011,17.9797,7.4034
2,A,6.3143,18.0178,7.3951
2,A,6.3274,18.0560,7.3869
2,A,6.3405,18.0941,7.3788
2,A,6.3536,18.1321,7.3707
2,A,6.3668,18.1701,7.3628
2,A,6.3799,18.2080,7.3549
2,A,6.3930,18.2458,7.3471
2,A,6.4062,18.2836,7.3394
2,A,6.4193,18.3213,7.3317
2,A,6.4324,18.3589,7.3242
2,A,6.4455,18.3964,7.3167
2,A,6.4587,18.4337,7.3094
2,A,6.4718,18.4710,7.3021
2,A,6.4849,18.5082,7.2949
2,A,6.4981,18.5452,7.2878
2,A,6.5112,18.5822,7.2808
2,A,6.5243,18.6189,7.2739
2,A,6.5374,18.6556,7.2670
2,A,6.5506,18.6920,7.2603
2,A,6.5637,18.7283,7.2536
2,A,6.5768,18.7645,7.2471
2,A,6.5899,18.8004,7.2406
2,A,6.6031,18.8362,7.2342
2,A,6.6162,18.8718,7.2279
2,A,6.6293,18.9072,7.2217
2,A,6.6425,18.9423,7.2156
2,A,6.6556,18.9773,7.2096
2,A,6.6687,19.0120,7.2037
2,A,6.6818,19.0464,7.1979
2,A,6.6950,19.0807,7.1922
2,A,6.7081,19.1146,7.1865
2,A,6.7212,19.1483,7.1810
2,A,6.7343,19.1818,7.1755
2,A,6.7475,19.2149,7.1702
2,A,6.7606,19.2478,7.1649
2,A,6.7737,19.2803,7.1598
2,A,6.7869,19.3125,7.1547
2,A,6.8000,19.3445,7.1497
2,A,6.8131,19.3761,7.1448
2,A,6.8262,19.4073,7.1400
2,A,6.8394,19.4383,7.1353
2,A,6.8525,19.4688,7.1307
2,A,6.8656,19.4990,7.1262
2,A,6.8787,19.5289,7.1218
2,A,6.8919,19.5584,7.1175
2,A,6.9050,19.5874,7.1133
2,A,6.9181,19.6161,7.1091
2,A,6.9313,19.6445,7.1051
2,A,6.9444,19.6723,7.1011
2,A,6.9575,19.6998,7.0973
2,A,6.9706,19.7269,7.0935
2,A,6.9838,19.7535,7.0898
2,A,6.9969,19.7798,7.0862
2,A,7.0100,19.8055,7.0827
2,A,7.0231,19.8309,7.0793
2,A,7.0363,19.8558,7.0760
2,A,7.0494,19.8802,7.0727
2,A,7.0625,19.9042,7.0696
2,A,7.0757,19.9277,7.0665
2,A,7.0888,19.9507,7.0635
2,A,7.1019,19.9733,7.0606
2,A,7.1150,19.9954,7.0578
2,A,7.1282,20.0170,7.0551
2,A,7.1413,20.0381,7.0524
2,A,7.1544,20.0587,7.0499
2,A,7.1675,20.0788,7.0474
2,A,7.1807,20.0985,7.0450
2,A,7.1938,20.1176,7.0427
2,A,7.2069,20.1363,7.0404
2,A,7.2201,20.1544,7.0382
2,A,7.2332,20.1721,7.0361
2,A,7.2463,20.1892,7.0341
2,A,7.2594,20.2058,7.0321
2,A,7.2726,20.2220,7.0303
2,A,7.2857,20.2376,7.0284
2,A,7.2988,20.2527,7.0267
2,A,7.3119,20.2673,7.0250
2,A,7.3251,20.2814,7.0234
2,A,7.3382,20.2951,7.0219
2,A,7.3513,20.3082,7.0204
2,A,7.3645,20.3208,7.0190
2,A,7.3776,20.3329,7.0177
2,A,7.3907,20.3445,7.0164
2,A,7.4038,20.3557,7.0152
2,A,7.4170,20.3663,7.0140
2,A,7.4301,20.3765,7.0129
2,A,7.4432,20.3862,7.0118
2,A,7.4563,20.3954,7.0108
2,A,7.4695,20.4042,7.0099
2,A,7.4826,20.4125,7.0090
2,A,7.4957,20.4203,7.0082
2,A,7.5089,20.4277,7.0074
2,A,7.5220,20.4347,7.0067
2,A,7.5351,20.4413,7.0060
2,A,7.5482,20.4474,7.0053
2,A,7.5614,20.4531,7.0048
2,A,7.5745,20.4584,7.0042
2,A,7.5876,20.4633,7.0037
2,A,7.6008,20.4679,7.0032
2,A,7.6139,20.4720,7.0028
2,A,7.6270,20.4758,7.0024
2,A,7.6401,20.4793,7.0021
2,A,7.6533,20.4824,7.0018
2,A,7.6664,20.4852,7.0015
2,A,7.6795,20.4878,7.0012
2,A,7.6926,20.4900,7.0010
2,A,7.7058,20.4919,7.0008
2,A,7.7189,20.4936,7.0006
2,A,7.7320,20.4950,7.0005
2,A,7.7452,20.4962,7.0004
2,A,7.7583,20.4972,7.0003
2,A,7.7714,20.4980,7.0002
2,A,7.7845,20.4987,7.0001
2,A,7.7977,20.4992,7.0001
2,A,7.8108,20.4995,7.0000
2,A,7.8239,20.4997,7.0000
2,A,7.8370,20.4999,7.0000
2,A,7.8502,20.5000,7.0000
2,A,7.8633,20.5000,7.0000
2,A,7.8764,20.5000,7.0000
2,B,0.0000,1.5000,7.0000
2,B,0.0131,1.5000,7.0000
2,B,0.0263,1.5001,7.0000
2,B,0.0394,1.5002,7.0000
2,B,0.0525,1.5005,7.0000
2,B,0.0656,1.5009,7.0001
2,B,0.0788,1.5016,7.0001
2,B,0.0919,1.5025,7.0002
2,B,0.1050,1.5037,7.0003
2,B,0.1181,1.5053,7.0004
2,B,0.1313,1.5072,7.0005
2,B,0.1444,1.5095,7.0007
2,B,0.1575,1.5123,7.0010
2,B,0.1707,1.5155,7.0013
2,B,0.1838,1.5192,7.0016
2,B,0.1969,1.5235,7.0020
2,B,0.2100,1.5283,7.0025
2,B,0.2232,1.5337,7.0031
2,B,0.2363,1.5398,7.0038
2,B,0.2494,1.5464,7.0045
2,B,0.2625,1.5537,7.0053
2,B,0.2757,1.5617,7.0062
2,B,0.2888,1.5704,7.0073
2,B,0.3019,1.5799,7.0084
2,B,0.3151,1.5900,7.0097
2,B,0.3282,1.6009,7.0111
2,B,0.3413,1.6125,7.0126
2,B,0.3544,1.6250,7.0143
2,B,0.3676,1.6381,7.0161
2,B,0.3807,1.6521,7.0180
2,B,0.3938,1.6669,7.0201
2,B,0.4069,1.6825,7.0223
2,B,0.4201,1.6988,7.0247
2,B,0.4332,1.7160,7.0273
2,B,0.4463,1.7339,7.0300
2,B,0.4595,1.7526,7.0329
2,B,0.4726,1.7721,7.0360
2,B,0.4857,1.7924,7.0392
2,B,0.4988,1.8135,7.0426
2,B,0.5120,1.8353,7.0461
2,B,0.5251,1.8578,7.0498
2,B,0.5382,1.8810,7.0537
2,B,0.5513,1.9050,7.0578
2,B,0.5645,1.9296,7.0620
2,B,0.5776,1.9549,7.0664
2,B,0.5907,1.9808,7.0710
2,B,0.6039,2.0074,7.0758
2,B,0.6170,2.0346,7.0807
2,B,0.6301,2.0624,7.0857
2,B,0.6432,2.0907,7.0910
2,B,0.6564,2.1195,7.0963
2,B,0.6695,2.1489,7.1019
2,B,0.6826,2.1788,7.1076
2,B,0.6958,2.2091,7.1134
2,B,0.7089,2.2399,7.1194
2,B,0.7220,2.2711,7.1255
2,B,0.7351,2.3026,7.1318
2,B,0.7483,2.3346,7.1382
2,B,0.7614,2.3669,7.1447
2,B,0.7745,2.3995,7.1514
2,B,0.7876,2.4324,7.1582
2,B,0.8008,2.4656,7.1652
2,B,0.8139,2.4990,7.1722
2,B,0.8270,2.5327,7.1794
2,B,0.8402,2.5666,7.1867
2,B,0.8533,2.6007,7.1941
2,B,0.8664,2.6350,7.2016
2,B,0.8795,2.6695,7.2092
2,B,0.8927,2.7041,7.2169
2,B,0.9058,2.7388,7.2247
2,B,0.9189,2.7737,7.2326
2,B,0.9320,2.8086,7.2407
2,B,0.9452,2.8437,7.2488
2,B,0.9583,2.8789,7.2570
2,B,0.9714,2.9142,7.2653
2,B,0.9846,2.9496,7.2737
2,B,0.9977,2.9851,7.2822
2,B,1.0108,3.0206,7.2907
2,B,1.0239,3.0562,7.2994
2,B,1.0371,3.0919,7.3081
2,B,1.0502,3.1277,7.3169
2,B,1.0633,3.1635,7.3258
2,B,1.0764,3.1995,7.3348
2,B,1.0896,3.2354,7.3438
2,B,1.1027,3.2715,7.3529
2,B,1.1158,3.3077,7.3621
2,B,1.1290,3.3439,7.3714
2,B,1.1421,3.3802,7.3807
2,B,1.1552,3.4166,7.3901
2,B,1.1683,3.4531,7.3996
2,B,1.1815,3.4896,7.4091
2,B,1.1946,3.5263,7.4187
2,B,1.2077,3.5630,7.4283
2,B,1.2208,3.5999,7.4380
2,B,1.2340,3.6368,7.4478
2,B,1.2471,3.6738,7.4576
2,B,1.2602,3.7110,7.4675
2,B,1.2734,3.7482,7.4774
2,B,1.2865,3.7856,7.4874
2,B,1.2996,3.8230,7.4974
2,B,1.3127,3.8606,7.5074
2,B,1.3259,3.8982,7.5174
2,B,1.3390,3.9360,7.5275
2,B,1.3521,3.9738,7.5377
2,B,1.3652,4.0118,7.5478
2,B,1.3784,4.0498,7.5580
2,B,1.3915,4.0879,7.5681
2,B,1.4046,4.1261,7.5783
2,B,1.4178,4.1644,7.5885
2,B,1.4309,4.2028,7.5987
2,B,1.4440,4.2412,7.6088
2,B,1.4571,4.2797,7.6190
2,B,1.4703,4.3182,7.6291
2,B,1.4834,4.3568,7.6393
2,B,1.4965,4.3954,7.6493
2,B,1.5096,4.4341,7.6594
2,B,1.5228,4.4727,7.6694
2,B,1.5359,4.5114,7.6794
2,B,1.5490,4.5501,7.6893
2,B,1.5622,4.5888,7.6992
2,B,1.5753,4.6275,7.7090
2,B,1.5884,4.6662,7.7187
2,B,1.6015,4.7049,7.7284
2,B,1.6147,4.7435,7.7380
2,B,1.6278,4.7821,7.7475
2,B,1.6409,4.8206,7.7569
2,B,1.6540,4.8591,7.7663
2,B,1.6672,4.8976,7.7755
2,B,1.6803,4.9359,7.7846
2,B,1.6934,4.9742,7.7937
2,B,1.7066,5.0124,7.8026
2,B,1.7197,5.0506,7.8114
2,B,1.7328,5.0886,7.8201
2,B,1.7459,5.1266,7.8287
2,B,1.7591,5.1644,7.8372
2,B,1.7722,5.2022,7.8455
2,B,1.7853,5.2398,7.8537
2,B,1.7985,5.2774,7.8618
2,B,1.8116,5.3148,7.8698
2,B,1.8247,5.3521,7.8776
2,B,1.8378,5.3894,7.8853
2,B,1.8510,5.4265,7.8928
2,B,1.8641,5.4634,7.9002
2,B,1.8772,5.5003,7.9075
2,B,1.8903,5.5371,7.9146
2,B,1.9035,5.5737,7.9216
2,B,1.9166,5.6103,7.9284
2,B,1.9297,5.6467,7.9351
2,B,1.9429,5.6830,7.9416
2,B,1.9560,5.7193,7.9481
2,B,1.9691,5.7554,7.9543
2,B,1.9822,5.7914,7.9604
2,B,1.9954,5.8274,7.9664
2,B,2.0085,5.8632,7.9722
2,B,2.0216,5.8990,7.9779
2,B,2.0347,5.9347,7.9834
2,B,2.0479,5.9703,7.9888
2,B,2.0610,6.0058,7.9941
2,B,2.0741,6.0413,7.9992
2,B,2.0873,6.0767,8.0042
2,B,2.1004,6.1121,8.0090
2,B,2.1135,6.1474,8.0136
2,B,2.1266,6.1826,8.0182
2,B,2.1398,6.2178,8.0225
2,B,2.1529,6.2530,8.0268
2,B,2.1660,6.2881,8.0309
2,B,2.1791,6.3232,8.0348
2,B,2.1923,6.3583,8.0386
2,B,2.2054,6.3934,8.0423
2,B,2.2185,6.4285,8.0458
2,B,2.2317,6.4636,8.0492
2,B,2.2448,6.4986,8.0524
2,B,2.2579,6.5337,8.0555
2,B,2.2710,6.5688,8.0584
2,B,2.2842,6.6039,8.0612
2,B,2.2973,6.6391,8.0638
2,B,2.3104,6.6743,8.0663
2,B,2.3235,6.7095,8.0686
2,B,2.3367,6.7447,8.0707
2,B,2.3498,6.7800,8.0728
2,B,2.3629,6.8154,8.0746
2,B,2.3761,6.8508,8.0763
2,B,2.3892,6.8862,8.0779
2,B,2.4023,6.9218,8.0792
2,B,2.4154,6.9574,8.0805
2,B,2.4286,6.9930,8.0815
2,B,2.4417,7.0288,8.0825
2,B,2.4548,7.0646,8.0832
2,B,2.4679,7.1006,8.0838
2,B,2.4811,7.1366,8.0842
2,B,2.4942,7.1727,8.0845
2,B,2.5073,7.2089,8.0846
2,B,2.5205,7.2452,8.0846
2,B,2.5336,7.2816,8.0844
2,B,2.5467,7.3182,8.0840
2,B,2.5598,7.3548,8.0835
2,B,2.5730,7.3915,8.0828
2,B,2.5861,7.4284,8.0820
2,B,2.5992,7.4654,8.0810
2,B,2.6123,7.5025,8.0798
2,B,2.6255,7.5397,8.0786
2,B,2.6386,7.5770,8.0771
2,B,2.6517,7.6144,8.0755
2,B,2.6649,7.6520,8.0738
2,B,2.6780,7.6897,8.0720
2,B,2.6911,7.7275,8.0700
2,B,2.7042,7.7655,8.0678
2,B,2.7174,7.8035,8.0656
2,B,2.7305,7.8417,8.0632
2,B,2.7436,7.8800,8.0607
2,B,2.7567,7.9184,8.0581
2,B,2.7699,7.9569,8.0554
2,B,2.7830,7.9955,8.0525
2,B,2.7961,8.0343,8.0496
2,B,2.8093,8.0731,8.0466
2,B,2.8224,8.1121,8.0435
2,B,2.8355,8.1511,8.0403
2,B,2.8486,8.1903,8.0370
2,B,2.8618,8.2295,8.0337
2,B,2.8749,8.2688,8.0302
2,B,2.8880,8.3082,8.0268
2,B,2.9012,8.3477,8.0232
2,B,2.9143,8.3873,8.0196
2,B,2.9274,8.4269,8.0160
2,B,2.9405,8.4666,8.0123
2,B,2.9537,8.5064,8.0086
2,B,2.9668,8.5462,8.0049
2,B,2.9799,8.5861,8.0012
2,B,2.9930,8.6260,7.9974
2,B,3.0062,8.6659,7.9936
2,B,3.0193,8.7059,7.9898
2,B,3.0324,8.7459,7.9860
2,B,3.0456,8.7858,7.9823
2,B,3.0587,8.8258,7.9785
2,B,3.0718,8.8658,7.9748
2,B,3.0849,8.9058,7.9711
2,B,3.0981,8.9458,7.9674
2,B,3.1112,8.9857,7.9637
2,B,3.1243,9.0256,7.9601
2,B,3.1374,9.0654,7.9565
2,B,3.1506,9.1052,7.9530
2,B,3.1637,9.1449,7.9495
2,B,3.1768,9.1845,7.9461
2,B,3.1900,9.2240,7.9428
2,B,3.2031,9.2635,7.9395
2,B,3.2162,9.3028,7.9362
2,B,3.2293,9.3421,7.9331
2,B,3.2425,9.3812,7.9300
2,B,3.2556,9.4201,7.9271
2,B,3.2687,9.4590,7.9242
2,B,3.2818,9.4976,7.9213
2,B,3.2950,9.5361,7.9186
2,B,3.3081,9.5745,7.9160
2,B,3.3212,9.6127,7.9135
2,B,3.3344,9.6507,7.9110
2,B,3.3475,9.6885,7.9087
2,B,3.3606,9.7261,7.9065
2,B,3.3737,9.7635,7.9044
2,B,3.3869,9.8007,7.9024
2,B,3.4000,9.8377,7.9005
2,B,3.4131,9.8745,7.8988
2,B,3.4262,9.9110,7.8971
2,B,3.4394,9.9474,7.8956
2,B,3.4525,9.9835,7.8942
2,B,3.4656,10.0193,7.8929
2,B,3.4788,10.0550,7.8917
2,B,3.4919,10.0904,7.8907
2,B,3.5050,10.1256,7.8897
2,B,3.5181,10.1605,7.8889
2,B,3.5313,10.1952,7.8883
2,B,3.5444,10.2297,7.8877
2,B,3.5575,10.2640,7.8873
2,B,3.5706,10.2980,7.8870
2,B,3.5838,10.3319,7.8869
2,B,3.5969,10.3655,7.8868
2,B,3.6100,10.3989,7.8869
2,B,3.6232,10.4321,7.8871
2,B,3.6363,10.4652,7.8875
2,B,3.6494,10.4980,7.8879
2,B,3.6625,10.5307,7.8885
2,B,3.6757,10.5632,7.8892
2,B,3.6888,10.5955,7.8901
2,B,3.7019,10.6277,7.8910
2,B,3.7150,10.6598,7.8921
2,B,3.7282,10.6917,7.8933
2,B,3.7413,10.7235,7.8946
2,B,3.7544,10.7552,7.8960
2,B,3.7676,10.7867,7.8976
2,B,3.7807,10.8182,7.8992
2,B,3.7938,10.8496,7.9010
2,B,3.8069,10.8809,7.9028
2,B,3.8201,10.9122,7.9048
2,B,3.8332,10.9434,7.9069
2,B,3.8463,10.9746,7.9091
2,B,3.8594,11.0057,7.9114
2,B,3.8726,11.0368,7.9137
2,B,3.8857,11.0678,7.9162
2,B,3.8988,11.0989,7.9188
2,B,3.9120,11.1299,7.9214
2,B,3.9251,11.1610,7.9242
2,B,3.9382,11.1921,7.9270
2,B,3.9513,11.2232,7.9299
2,B,3.9645,11.2543,7.9329
2,B,3.9776,11.2854,7.9360
2,B,3.9907,11.3166,7.9391
2,B,4.0038,11.3478,7.9424
2,B,4.0170,11.3791,7.9456
2,B,4.0301,11.4104,7.9490
2,B,4.0432,11.4418,7.9524
2,B,4.0564,11.4732,7.9559
2,B,4.0695,11.5047,7.9595
2,B,4.0826,11.5363,7.9631
2,B,4.0957,11.5679,7.9668
2,B,4.1089,11.5996,7.9705
2,B,4.1220,11.6314,7.9742
2,B,4.1351,11.6632,7.9781
2,B,4.1483,11.6951,7.9819
2,B,4.1614,11.7270,7.9858
2,B,4.1745,11.7591,7.9898
2,B,4.1876,11.7912,7.9938
2,B,4.2008,11.8233,7.9978
2,B,4.2139,11.8556,8.0018
2,B,4.2270,11.8879,8.0059
2,B,4.2401,11.9202,8.0100
2,B,4.2533,11.9526,8.0141
2,B,4.2664,11.9851,8.0182
2,B,4.2795,12.0176,8.0224
2,B,4.2927,12.0502,8.0266
2,B,4.3058,12.0828,8.0308
2,B,4.3189,12.1155,8.0350
2,B,4.3320,12.1482,8.0392
2,B,4.3452,12.1810,8.0434
2,B,4.3583,12.2137,8.0476
2,B,4.3714,12.2465,8.0518
2,B,4.3845,12.2794,8.0560
2,B,4.3977,12.3122,8.0602
2,B,4.4108,12.3451,8.0644
2,B,4.4239,12.3779,8.0686
2,B,4.4371,12.4108,8.0728
2,B,4.4502,12.4436,8.0770
2,B,4.4633,12.4764,8.0811
2,B,4.4764,12.5093,8.0852
2,B,4.4896,12.5421,8.0893
2,B,4.5027,12.5748,8.0934
2,B,4.5158,12.6075,8.0975
2,B,4.5289,12.6402,8.1015
2,B,4.5421,12.6729,8.1055
2,B,4.5552,12.7055,8.1094
2,B,4.5683,12.7380,8.1134
2,B,4.5815,12.7705,8.1172
2,B,4.5946,12.8029,8.1211
2,B,4.6077,12.8352,8.1249
2,B,4.6208,12.8675,8.1286
2,B,4.6340,12.8996,8.1323
2,B,4.6471,12.9317,8.1360
2,B,4.6602,12.9638,8.1395
2,B,4.6733,12.9957,8.1431
2,B,4.6865,13.0276,8.1465
2,B,4.6996,13.0593,8.1499
2,B,4.7127,13.0910,8.1533
2,B,4.7259,13.1226,8.1565
2,B,4.7390,13.1542,8.1597
2,B,4.7521,13.1856,8.1628
2,B,4.7652,13.2170,8.1658
2,B,4.7784,13.2483,8.1688
2,B,4.7915,13.2795,8.1716
2,B,4.8046,13.3107,8.1744
2,B,4.8177,13.3418,8.1770
2,B,4.8309,13.3729,8.1796
2,B,4.8440,13.4039,8.1820
2,B,4.8571,13.4350,8.1844
2,B,4.8703,13.4660,8.1866
2,B,4.8834,13.4969,8.1887
2,B,4.8965,13.5279,8.1907
2,B,4.9096,13.5590,8.1925
2,B,4.9228,13.5900,8.1943
2,B,4.9359,13.6211,8.1959
2,B,4.9490,13.6523,8.1973
2,B,4.9621,13.6835,8.1986
2,B,4.9753,13.7148,8.1997
2,B,4.9884,13.7462,8.2007
2,B,5.0015,13.7778,8.2016
2,B,5.0147,13.8094,8.2022
2,B,5.0278,13.8412,8.2027
2,B,5.0409,13.8732,8.2031
2,B,5.0540,13.9054,8.2032
2,B,5.0672,13.9377,8.2032
2,B,5.0803,13.9702,8.2030
2,B,5.0934,14.0030,8.2026
2,B,5.1065,14.0359,8.2020
2,B,5.1197,14.0692,8.2012
2,B,5.1328,14.1026,8.2002
2,B,5.1459,14.1363,8.1990
2,B,5.1591,14.1703,8.1976
2,B,5.1722,14.2045,8.1960
2,B,5.1853,14.2390,8.1941
2,B,5.1984,14.2738,8.1921
2,B,5.2116,14.3089,8.1899
2,B,5.2247,14.3443,8.1874
2,B,5.2378,14.3799,8.1847
2,B,5.2510,14.4159,8.1819
2,B,5.2641,14.4521,8.1788
2,B,5.2772,14.4886,8.1754
2,B,5.2903,14.5255,8.1719
2,B,5.3035,14.5625,8.1681
2,B,5.3166,14.5999,8.1642
2,B,5.3297,14.6375,8.1600
2,B,5.3428,14.6753,8.1556
2,B,5.3560,14.7134,8.1510
2,B,5.3691,14.7517,8.1462
2,B,5.3822,14.7902,8.1412
2,B,5.3954,14.8289,8.1359
2,B,5.4085,14.8678,8.1305
2,B,5.4216,14.9068,8.1249
2,B,5.4347,14.9460,8.1191
2,B,5.4479,14.9853,8.1131
2,B,5.4610,15.0248,8.1069
2,B,5.4741,15.0643,8.1005
2,B,5.4872,15.1040,8.0939
2,B,5.5004,15.1437,8.0872
2,B,5.5135,15.1834,8.0803
2,B,5.5266,15.2232,8.0732
2,B,5.5398,15.2630,8.0659
2,B,5.5529,15.3028,8.0585
2,B,5.5660,15.3426,8.0510
2,B,5.5791,15.3824,8.0433
2,B,5.5923,15.4221,8.0354
2,B,5.6054,15.4618,8.0274
2,B,5.6185,15.5014,8.0193
2,B,5.6316,15.5409,8.0110
2,B,5.6448,15.5804,8.0026
2,B,5.6579,15.6197,7.9941
2,B,5.6710,15.6590,7.9855
2,B,5.6842,15.6981,7.9767
2,B,5.6973,15.7372,7.9679
2,B,5.7104,15.7761,7.9589
2,B,5.7235,15.8149,7.9499
2,B,5.7367,15.8536,7.9407
2,B,5.7498,15.8922,7.9314
2,B,5.7629,15.9307,7.9221
2,B,5.7760,15.9691,7.9127
2,B,5.7892,16.0073,7.9032
2,B,5.8023,16.0455,7.8936
2,B,5.8154,16.0836,7.8839
2,B,5.8286,16.1216,7.8742
2,B,5.8417,16.1596,7.8644
2,B,5.8548,16.1975,7.8546
2,B,5.8679,16.2353,7.8447
2,B,5.8811,16.2731,7.8347
2,B,5.8942,16.3109,7.8247
2,B,5.9073,16.3486,7.8146
2,B,5.9204,16.3864,7.8045
2,B,5.9336,16.4242,7.7944
2,B,5.9467,16.4619,7.7842
2,B,5.9598,16.4998,7.7740
2,B,5.9730,16.5376,7.7638
2,B,5.9861,16.5756,7.7535
2,B,5.9992,16.6136,7.7432
2,B,6.0123,16.6516,7.7329
2,B,6.0255,16.6898,7.7226
2,B,6.0386,16.7281,7.7122
2,B,6.0517,16.7664,7.7019
2,B,6.0648,16.8049,7.6916
2,B,6.0780,16.8436,7.6812
2,B,6.0911,16.8823,7.6709
2,B,6.1042,16.9212,7.6605
2,B,6.1174,16.9603,7.6502
2,B,6.1305,16.9994,7.6398
2,B,6.1436,17.0388,7.6295
2,B,6.1567,17.0783,7.6192
2,B,6.1699,17.1179,7.6090
2,B,6.1830,17.1577,7.5987
2,B,6.1961,17.1977,7.5885
2,B,6.2092,17.2378,7.5783
2,B,6.2224,17.2780,7.5682
2,B,6.2355,17.3184,7.5581
2,B,6.2486,17.3589,7.5480
2,B,6.2618,17.3995,7.5380
2,B,6.2749,17.4403,7.5280
2,B,6.2880,17.4811,7.5181
2,B,6.3011,17.5221,7.5082
2,B,6.3143,17.5631,7.4984
2,B,6.3274,17.6042,7.4887
2,B,6.3405,17.6454,7.4790
2,B,6.3536,17.6867,7.4694
2,B,6.3668,17.7279,7.4599
2,B,6.3799,17.7692,7.4504
2,B,6.3930,17.8106,7.4410
2,B,6.4062,17.8519,7.4317
2,B,6.4193,17.8933,7.4225
2,B,6.4324,17.9346,7.4134
2,B,6.4455,17.9759,7.4043
2,B,6.4587,18.0171,7.3954
2,B,6.4718,18.0583,7.3865
2,B,6.4849,18.0994,7.3777
2,B,6.4981,18.1404,7.3691
2,B,6.5112,18.1813,7.3605
2,B,6.5243,18.2222,7.3520
2,B,6.5374,18.2629,7.3436
2,B,6.5506,18.3035,7.3354
2,B,6.5637,18.3439,7.3272
2,B,6.5768,18.3842,7.3191
2,B,6.5899,18.4243,7.3112
2,B,6.6031,18.4643,7.3033
2,B,6.6162,18.5041,7.2956
2,B,6.6293,18.5437,7.2880
2,B,6.6425,18.5831,7.2805
2,B,6.6556,18.6223,7.2731
2,B,6.6687,18.6613,7.2658
2,B,6.6818,18.7000,7.2586
2,B,6.6950,18.7386,7.2515
2,B,6.7081,18.7769,7.2446
2,B,6.7212,18.8150,7.2377
2,B,6.7343,18.8529,7.2310
2,B,6.7475,18.8905,7.2243
2,B,6.7606,18.9279,7.2178
2,B,6.7737,18.9650,7.2114
2,B,6.7869,19.0018,7.2051
2,B,6.8000,19.0384,7.1989
2,B,6.8131,19.0748,7.1928
2,B,6.8262,19.1108,7.1868
2,B,6.8394,19.1466,7.1809
2,B,6.8525,19.1821,7.1752
2,B,6.8656,19.2172,7.1695
2,B,6.8787,19.2521,7.1639
2,B,6.8919,19.2867,7.1585
2,B,6.9050,19.3210,7.1531
2,B,6.9181,19.3550,7.1479
2,B,6.9313,19.3886,7.1427
2,B,6.9444,19.4220,7.1377
2,B,6.9575,19.4550,7.1327
2,B,6.9706,19.4876,7.1278
2,B,6.9838,19.5199,7.1231
2,B,6.9969,19.5518,7.1184
2,B,7.0100,19.5834,7.1139
2,B,7.0231,19.6146,7.1094
2,B,7.0363,19.6454,7.1050
2,B,7.0494,19.6758,7.1008
2,B,7.0625,19.7058,7.0966
2,B,7.0757,19.7353,7.0925
2,B,7.0888,19.7645,7.0885
2,B,7.1019,19.7931,7.0846
2,B,7.1150,19.8214,7.0808
2,B,7.1282,19.8491,7.0771
2,B,7.1413,19.8764,7.0735
2,B,7.1544,19.9031,7.0700
2,B,7.1675,19.9294,7.0666
2,B,7.1807,19.9551,7.0633
2,B,7.1938,19.9804,7.0600
2,B,7.2069,20.0050,7.0569
2,B,7.2201,20.0291,7.0539
2,B,7.2332,20.0527,7.0509
2,B,7.2463,20.0756,7.0481
2,B,7.2594,20.0980,7.0453
2,B,7.2726,20.1198,7.0427
2,B,7.2857,20.1409,7.0401
2,B,7.2988,20.1615,7.0376
2,B,7.3119,20.1814,7.0352
2,B,7.3251,20.2007,7.0329
2,B,7.3382,20.2193,7.0307
2,B,7.3513,20.2374,7.0286
2,B,7.3645,20.2547,7.0266
2,B,7.3776,20.2714,7.0247
2,B,7.3907,20.2875,7.0228
2,B,7.4038,20.3028,7.0211
2,B,7.4170,20.3176,7.0194
2,B,7.4301,20.3317,7.0178
2,B,7.4432,20.3451,7.0163
2,B,7.4563,20.3578,7.0149
2,B,7.4695,20.3700,7.0136
2,B,7.4826,20.3814,7.0123
2,B,7.4957,20.3923,7.0111
2,B,7.5089,20.4025,7.0100
2,B,7.5220,20.4121,7.0090
2,B,7.5351,20.4211,7.0080
2,B,7.5482,20.4295,7.0071
2,B,7.5614,20.4373,7.0063
2,B,7.5745,20.4445,7.0055
2,B,7.5876,20.4512,7.0049
2,B,7.6008,20.4574,7.0042
2,B,7.6139,20.4630,7.0036
2,B,7.6270,20.4682,7.0031
2,B,7.6401,20.4728,7.0026
2,B,7.6533,20.4770,7.0022
2,B,7.6664,20.4808,7.0019
2,B,7.6795,20.4841,7.0015
2,B,7.6926,20.4870,7.0012
2,B,7.7058,20.4896,7.0010
2,B,7.7189,20.4918,7.0008
2,B,7.7320,20.4936,7.0006
2,B,7.7452,20.4952,7.0004
2,B,7.7583,20.4965,7.0003
2,B,7.7714,20.4975,7.0002
2,B,7.7845,20.4983,7.0002
2,B,7.7977,20.4990,7.0001
2,B,7.8108,20.4994,7.0001
2,B,7.8239,20.4997,7.0000
2,B,7.8370,20.4999,7.0000
2,B,7.8502,20.5000,7.0000
2,B,7.8633,20.5000,7.0000
2,B,7.8764,20.5000,7.0000
2,C,0.0000,1.5000,7.0000
2,C,0.0187,1.5000,7.0000
2,C,0.0373,1.5004,7.0000
2,C,0.0560,1.5012,7.0001
2,C,0.0746,1.5027,7.0003
2,C,0.0933,1.5052,7.0006
2,C,0.1119,1.5088,7.0010
2,C,0.1306,1.5137,7.0015
2,C,0.1493,1.5200,7.0022
2,C,0.1679,1.5279,7.0030
2,C,0.1866,1.5375,7.0040
2,C,0.2052,1.5489,7.0052
2,C,0.2239,1.5621,7.0066
2,C,0.2426,1.5773,7.0081
2,C,0.2612,1.5944,7.0099
2,C,0.2799,1.6136,7.0118
2,C,0.2985,1.6349,7.0138
2,C,0.3172,1.6582,7.0161
2,C,0.3358,1.6836,7.0185
2,C,0.3545,1.7111,7.0211
2,C,0.3732,1.7407,7.0238
2,C,0.3918,1.7722,7.0266
2,C,0.4105,1.8058,7.0296
2,C,0.4291,1.8413,7.0327
2,C,0.4478,1.8787,7.0359
2,C,0.4664,1.9179,7.0391
2,C,0.4851,1.9588,7.0425
2,C,0.5038,2.0015,7.0458
2,C,0.5224,2.0457,7.0493
2,C,0.5411,2.0914,7.0527
2,C,0.5597,2.1385,7.0561
2,C,0.5784,2.1869,7.0595
2,C,0.5971,2.2365,7.0629
2,C,0.6157,2.2872,7.0663
2,C,0.6344,2.3389,7.0695
2,C,0.6530,2.3915,7.0727
2,C,0.6717,2.4448,7.0758
2,C,0.6903,2.4988,7.0788
2,C,0.7090,2.5533,7.0816
2,C,0.7277,2.6083,7.0843
2,C,0.7463,2.6635,7.0868
2,C,0.7650,2.7190,7.0892
2,C,0.7836,2.7745,7.0914
2,C,0.8023,2.8301,7.0934
2,C,0.8209,2.8855,7.0951
2,C,0.8396,2.9407,7.0967
2,C,0.8583,2.9955,7.0980
2,C,0.8769,3.0500,7.0992
2,C,0.8956,3.1040,7.1001
2,C,0.9142,3.1574,7.1007
2,C,0.9329,3.2102,7.1011
2,C,0.9516,3.2622,7.1013
2,C,0.9702,3.3135,7.1013
2,C,0.9889,3.3640,7.1010
2,C,1.0075,3.4136,7.1006
2,C,1.0262,3.4623,7.0999
2,C,1.0448,3.5100,7.0990
2,C,1.0635,3.5568,7.0979
2,C,1.0822,3.6026,7.0967
2,C,1.1008,3.6473,7.0953
2,C,1.1195,3.6910,7.0937
2,C,1.1381,3.7337,7.0920
2,C,1.1568,3.7752,7.0902
2,C,1.1754,3.8157,7.0882
2,C,1.1941,3.8552,7.0862
2,C,1.2128,3.8936,7.0841
2,C,1.2314,3.9309,7.0820
2,C,1.2501,3.9672,7.0798
2,C,1.2687,4.0025,7.0776
2,C,1.2874,4.0368,7.0755
2,C,1.3061,4.0700,7.0734
2,C,1.3247,4.1024,7.0713
2,C,1.3434,4.1337,7.0693
2,C,1.3620,4.1642,7.0674
2,C,1.3807,4.1938,7.0656
2,C,1.3993,4.2226,7.0640
2,C,1.4180,4.2506,7.0626
2,C,1.4367,4.2778,7.0613
2,C,1.4553,4.3043,7.0602
2,C,1.4740,4.3300,7.0594
2,C,1.4926,4.3552,7.0589
2,C,1.5113,4.3797,7.0586
2,C,1.5299,4.4037,7.0586
2,C,1.5486,4.4272,7.0590
2,C,1.5673,4.4501,7.0597
2,C,1.5859,4.4727,7.0608
2,C,1.6046,4.4949,7.0622
2,C,1.6232,4.5167,7.0641
2,C,1.6419,4.5382,7.0663
2,C,1.6606,4.5595,7.0691
2,C,1.6792,4.5806,7.0722
2,C,1.6979,4.6015,7.0759
2,C,1.7165,4.6223,7.0800
2,C,1.7352,4.6430,7.0846
2,C,1.7538,4.6637,7.0897
2,C,1.7725,4.6843,7.0954
2,C,1.7912,4.7050,7.1015
2,C,1.8098,4.7257,7.1083
2,C,1.8285,4.7466,7.1155
2,C,1.8471,4.7675,7.1233
2,C,1.8658,4.7886,7.1317
2,C,1.8844,4.8099,7.1406
2,C,1.9031,4.8314,7.1501
2,C,1.9218,4.8531,7.1601
2,C,1.9404,4.8750,7.1707
2,C,1.9591,4.8972,7.1819
2,C,1.9777,4.9197,7.1936
2,C,1.9964,4.9425,7.2058
2,C,2.0151,4.9656,7.2186
2,C,2.0337,4.9890,7.2319
2,C,2.0524,5.0127,7.2457
2,C,2.0710,5.0368,7.2601
2,C,2.0897,5.0613,7.2750
2,C,2.1083,5.0860,7.2904
2,C,2.1270,5.1112,7.3062
2,C,2.1457,5.1367,7.3226
2,C,2.1643,5.1626,7.3394
2,C,2.1830,5.1889,7.3566
2,C,2.2016,5.2155,7.3743
2,C,2.2203,5.2425,7.3924
2,C,2.2389,5.2699,7.4109
2,C,2.2576,5.2976,7.4297
2,C,2.2763,5.3257,7.4490
2,C,2.2949,5.3542,7.4686
2,C,2.3136,5.3830,7.4885
2,C,2.3322,5.4122,7.5088
2,C,2.3509,5.4417,7.5293
2,C,2.3695,5.4716,7.5501
2,C,2.3882,5.5017,7.5712
2,C,2.4069,5.5322,7.5925
2,C,2.4255,5.5630,7.6140
2,C,2.4442,5.5941,7.6357
2,C,2.4628,5.6255,7.6576
2,C,2.4815,5.6572,7.6796
2,C,2.5002,5.6891,7.7017
2,C,2.5188,5.7213,7.7240
2,C,2.5375,5.7537,7.7463
2,C,2.5561,5.7863,7.7687
2,C,2.5748,5.8192,7.7912
2,C,2.5934,5.8522,7.8136
2,C,2.6121,5.8855,7.8360
2,C,2.6308,5.9189,7.8584
2,C,2.6494,5.9525,7.8808
2,C,2.6681,5.9862,7.9031
2,C,2.6867,6.0201,7.9253
2,C,2.7054,6.0541,7.9473
2,C,2.7240,6.0882,7.9692
2,C,2.7427,6.1224,7.9910
2,C,2.7614,6.1566,8.0126
2,C,2.7800,6.1910,8.0339
2,C,2.7987,6.2254,8.0551
2,C,2.8173,6.2598,8.0760
2,C,2.8360,6.2943,8.0966
2,C,2.8547,6.3288,8.1170
2,C,2.8733,6.3633,8.1370
2,C,2.8920,6.3978,8.1567
2,C,2.9106,6.4323,8.1761
2,C,2.9293,6.4668,8.1951
2,C,2.9479,6.5012,8.2138
2,C,2.9666,6.5356,8.2320
2,C,2.9853,6.5700,8.2499
2,C,3.0039,6.6043,8.2673
2,C,3.0226,6.6386,8.2843
2,C,3.0412,6.6727,8.3008
2,C,3.0599,6.7068,8.3169
2,C,3.0785,6.7409,8.3324
2,C,3.0972,6.7748,8.3475
2,C,3.1159,6.8086,8.3621
2,C,3.1345,6.8424,8.3762
2,C,3.1532,6.8760,8.3897
2,C,3.1718,6.9095,8.4027
2,C,3.1905,6.9429,8.4151
2,C,3.2092,6.9762,8.4270
2,C,3.2278,7.0094,8.4383
2,C,3.2465,7.0425,8.4490
2,C,3.2651,7.0754,8.4591
2,C,3.2838,7.1082,8.4687
2,C,3.3024,7.1409,8.4776
2,C,3.3211,7.1734,8.4859
2,C,3.3398,7.2058,8.4936
2,C,3.3584,7.2381,8.5007
2,C,3.3771,7.2703,8.5072
2,C,3.3957,7.3023,8.5130
2,C,3.4144,7.3341,8.5182
2,C,3.4330,7.3659,8.5228
2,C,3.4517,7.3975,8.5267
2,C,3.4704,7.4289,8.5300
2,C,3.4890,7.4603,8.5326
2,C,3.5077,7.4915,8.5346
2,C,3.5263,7.5225,8.5360
2,C,3.5450,7.5535,8.5367
2,C,3.5637,7.5843,8.5368
2,C,3.5823,7.6150,8.5362
2,C,3.6010,7.6455,8.5350
2,C,3.6196,7.6760,8.5332
2,C,3.6383,7.7063,8.5307
2,C,3.6569,7.7365,8.5276
2,C,3.6756,7.7666,8.5239
2,C,3.6943,7.7966,8.5196
2,C,3.7129,7.8265,8.5147
2,C,3.7316,7.8564,8.5092
2,C,3.7502,7.8861,8.5031
2,C,3.7689,7.9157,8.4964
2,C,3.7875,7.9452,8.4891
2,C,3.8062,7.9747,8.4813
2,C,3.8249,8.0041,8.4729
2,C,3.8435,8.0334,8.4640
2,C,3.8622,8.0626,8.4545
2,C,3.8808,8.0918,8.4446
2,C,3.8995,8.1210,8.4341
2,C,3.9182,8.1501,8.4231
2,C,3.9368,8.1791,8.4117
2,C,3.9555,8.2081,8.3997
2,C,3.9741,8.2371,8.3874
2,C,3.9928,8.2661,8.3746
2,C,4.0114,8.2950,8.3614
2,C,4.0301,8.3240,8.3478
2,C,4.0488,8.3529,8.3338
2,C,4.0674,8.3818,8.3194
2,C,4.0861,8.4108,8.3047
2,C,4.1047,8.4397,8.2897
2,C,4.1234,8.4687,8.2743
2,C,4.1420,8.4977,8.2586
2,C,4.1607,8.5267,8.2427
2,C,4.1794,8.5558,8.2265
2,C,4.1980,8.5849,8.2100
2,C,4.2167,8.6141,8.1934
2,C,4.2353,8.6433,8.1765
2,C,4.2540,8.6726,8.1595
2,C,4.2727,8.7019,8.1422
2,C,4.2913,8.7313,8.1249
2,C,4.3100,8.7608,8.1074
2,C,4.3286,8.7904,8.0898
2,C,4.3473,8.8201,8.0721
2,C,4.3659,8.8498,8.0544
2,C,4.3846,8.8797,8.0366
2,C,4.4033,8.9096,8.0187
2,C,4.4219,8.9397,8.0009
2,C,4.4406,8.9698,7.9831
2,C,4.4592,9.0001,7.9653
2,C,4.4779,9.0305,7.9475
2,C,4.4965,9.0610,7.9298
2,C,4.5152,9.0917,7.9122
2,C,4.5339,9.1224,7.8947
2,C,4.5525,9.1533,7.8774
2,C,4.5712,9.1843,7.8601
2,C,4.5898,9.2155,7.8430
2,C,4.6085,9.2467,7.8261
2,C,4.6272,9.2781,7.8094
2,C,4.6458,9.3097,7.7929
2,C,4.6645,9.3413,7.7767
2,C,4.6831,9.3731,7.7606
2,C,4.7018,9.4051,7.7449
2,C,4.7204,9.4371,7.7294
2,C,4.7391,9.4693,7.7142
2,C,4.7578,9.5017,7.6992
2,C,4.7764,9.5341,7.6846
2,C,4.7951,9.5667,7.6704
2,C,4.8137,9.5994,7.6565
2,C,4.8324,9.6322,7.6429
2,C,4.8510,9.6651,7.6297
2,C,4.8697,9.6981,7.6168
2,C,4.8884,9.7312,7.6044
2,C,4.9070,9.7644,7.5924
2,C,4.9257,9.7977,7.5807
2,C,4.9443,9.8311,7.5695
2,C,4.9630,9.8646,7.5587
2,C,4.9817,9.8982,7.5483
2,C,5.0003,9.9318,7.5384
2,C,5.0190,9.9655,7.5290
2,C,5.0376,9.9992,7.5199
2,C,5.0563,10.0330,7.5114
2,C,5.0749,10.0668,7.5033
2,C,5.0936,10.1006,7.4957
2,C,5.1123,10.1345,7.4886
2,C,5.1309,10.1684,7.4819
2,C,5.1496,10.2022,7.4758
2,C,5.1682,10.2361,7.4701
2,C,5.1869,10.2700,7.4649
2,C,5.2055,10.3039,7.4603
2,C,5.2242,10.3378,7.4561
2,C,5.2429,10.3716,7.4524
2,C,5.2615,10.4054,7.4493
2,C,5.2802,10.4391,7.4466
2,C,5.2988,10.4728,7.4445
2,C,5.3175,10.5064,7.4428
2,C,5.3362,10.5400,7.4417
2,C,5.3548,10.5735,7.4411
2,C,5.3735,10.6069,7.4410
2,C,5.3921,10.6403,7.4414
2,C,5.4108,10.6735,7.4423
2,C,5.4294,10.7066,7.4437
2,C,5.4481,10.7397,7.4456
2,C,5.4668,10.7726,7.4480
2,C,5.4854,10.8054,7.4509
2,C,5.5041,10.8382,7.4543
2,C,5.5227,10.8707,7.4582
2,C,5.5414,10.9032,7.4626
2,C,5.5600,10.9355,7.4674
2,C,5.5787,10.9677,7.4728
2,C,5.5974,10.9998,7.4786
2,C,5.6160,11.0317,7.4849
2,C,5.6347,11.0635,7.4916
2,C,5.6533,11.0951,7.4989
2,C,5.6720,11.1267,7.5065
2,C,5.6907,11.1580,7.5146
2,C,5.7093,11.1893,7.5232
2,C,5.7280,11.2203,7.5322
2,C,5.7466,11.2513,7.5416
2,C,5.7653,11.2821,7.5514
2,C,5.7839,11.3128,7.5616
2,C,5.8026,11.3434,7.5723
2,C,5.8213,11.3738,7.5833
2,C,5.8399,11.4041,7.5947
2,C,5.8586,11.4343,7.6065
2,C,5.8772,11.4644,7.6187
2,C,5.8959,11.4944,7.6312
2,C,5.9145,11.5242,7.6441
2,C,5.9332,11.5540,7.6573
2,C,5.9519,11.5837,7.6709
2,C,5.9705,11.6133,7.6847
2,C,5.9892,11.6428,7.6989
2,C,6.0078,11.6722,7.7134
2,C,6.0265,11.7016,7.7281
2,C,6.0452,11.7309,7.7432
2,C,6.0638,11.7601,7.7585
2,C,6.0825,11.7894,7.7740
2,C,6.1011,11.8185,7.7898
2,C,6.1198,11.8477,7.8059
2,C,6.1384,11.8768,7.8221
2,C,6.1571,11.9059,7.8385
2,C,6.1758,11.9350,7.8552
2,C,6.1944,11.9641,7.8720
2,C,6.2131,11.9932,7.8889
2,C,6.2317,12.0223,7.9061
2,C,6.2504,12.0515,7.9233
2,C,6.2690,12.0806,7.9407
2,C,6.2877,12.1098,7.9582
2,C,6.3064,12.1391,7.9757
2,C,6.3250,12.1684,7.9934
2,C,6.3437,12.1977,8.0111
2,C,6.3623,12.2272,8.0288
2,C,6.3810,12.2567,8.0466
2,C,6.3996,12.2862,8.0644
2,C,6.4183,12.3159,8.0822
2,C,6.4370,12.3456,8.1000
2,C,6.4556,12.3755,8.1177
2,C,6.4743,12.4054,8.1354
2,C,6.4929,12.4355,8.1531
2,C,6.5116,12.4657,8.1706
2,C,6.5303,12.4959,8.1881
2,C,6.5489,12.5263,8.2054
2,C,6.5676,12.5569,8.2226
2,C,6.5862,12.5875,8.2397
2,C,6.6049,12.6183,8.2565
2,C,6.6235,12.6492,8.2732
2,C,6.6422,12.6803,8.2897
2,C,6.6609,12.7115,8.3059
2,C,6.6795,12.7428,8.3220
2,C,6.6982,12.7743,8.3377
2,C,6.7168,12.8059,8.3532
2,C,6.7355,12.8376,8.3684
2,C,6.7541,12.8695,8.3832
2,C,6.7728,12.9015,8.3977
2,C,6.7915,12.9337,8.4119
2,C,6.8101,12.9660,8.4257
2,C,6.8288,12.9984,8.4391
2,C,6.8474,13.0309,8.4520
2,C,6.8661,13.0636,8.4646
2,C,6.8848,13.0964,8.4767
2,C,6.9034,13.1293,8.4883
2,C,6.9221,13.1623,8.4995
2,C,6.9407,13.1954,8.5101
2,C,6.9594,13.2286,8.5203
2,C,6.9780,13.2619,8.5299
2,C,6.9967,13.2953,8.5389
2,C,7.0154,13.3288,8.5474
2,C,7.0340,13.3623,8.5553
2,C,7.0527,13.3960,8.5625
2,C,7.0713,13.4297,8.5692
2,C,7.0900,13.4634,8.5753
2,C,7.1086,13.4972,8.5807
2,C,7.1273,13.5311,8.5854
2,C,7.1460,13.5650,8.5895
2,C,7.1646,13.5989,8.5929
2,C,7.1833,13.6329,8.5957
2,C,7.2019,13.6668,8.5977
2,C,7.2206,13.7008,8.5990
2,C,7.2393,13.7348,8.5996
2,C,7.2579,13.7687,8.5995
2,C,7.2766,13.8027,8.5987
2,C,7.2952,13.8366,8.5971
2,C,7.3139,13.8705,8.5948
2,C,7.3325,13.9044,8.5918
2,C,7.3512,13.9382,8.5880
2,C,7.3699,13.9720,8.5835
2,C,7.3885,14.0057,8.5782
2,C,7.4072,14.0394,8.5722
2,C,7.4258,14.0730,8.5655
2,C,7.4445,14.1064,8.5580
2,C,7.4631,14.1399,8.5498
2,C,7.4818,14.1732,8.5409
2,C,7.5005,14.2064,8.5312
2,C,7.5191,14.2395,8.5208
2,C,7.5378,14.2725,8.5098
2,C,7.5564,14.3053,8.4980
2,C,7.5751,14.3381,8.4856
2,C,7.5938,14.3707,8.4725
2,C,7.6124,14.4032,8.4588
2,C,7.6311,14.4355,8.4445
2,C,7.6497,14.4677,8.4295
2,C,7.6684,14.4997,8.4140
2,C,7.6870,14.5316,8.3979
2,C,7.7057,14.5633,8.3813
2,C,7.7244,14.5949,8.3641
2,C,7.7430,14.6262,8.3465
2,C,7.7617,14.6574,8.3283
2,C,7.7803,14.6885,8.3098
2,C,7.7990,14.7193,8.2908
2,C,7.8176,14.7500,8.2714
2,C,7.8363,14.7805,8.2517
2,C,7.8550,14.8108,8.2316
2,C,7.8736,14.8409,8.2113
2,C,7.8923,14.8709,8.1906
2,C,7.9109,14.9006,8.1698
2,C,7.9296,14.9302,8.1487
2,C,7.9483,14.9595,8.1274
2,C,7.9669,14.9887,8.1060
2,C,7.9856,15.0177,8.0845
2,C,8.0042,15.0465,8.0629
2,C,8.0229,15.0751,8.0413
2,C,8.0415,15.1036,8.0196
2,C,8.0602,15.1318,7.9979
2,C,8.0789,15.1599,7.9763
2,C,8.0975,15.1878,7.9548
2,C,8.1162,15.2155,7.9334
2,C,8.1348,15.2430,7.9121
2,C,8.1535,15.2704,7.8910
2,C,8.1721,15.2976,7.8700
2,C,8.1908,15.3247,7.8493
2,C,8.2095,15.3516,7.8289
2,C,8.2281,15.3783,7.8088
2,C,8.2468,15.4049,7.7889
2,C,8.2654,15.4314,7.7694
2,C,8.2841,15.4577,7.7503
2,C,8.3028,15.4839,7.7316
2,C,8.3214,15.5100,7.7133
2,C,8.3401,15.5360,7.6954
2,C,8.3587,15.5619,7.6781
2,C,8.3774,15.5877,7.6611
2,C,8.3960,15.6134,7.6447
2,C,8.4147,15.6390,7.6289
2,C,8.4334,15.6646,7.6135
2,C,8.4520,15.6901,7.5988
2,C,8.4707,15.7156,7.5846
2,C,8.4893,15.7410,7.5710
2,C,8.5080,15.7664,7.5580
2,C,8.5266,15.7919,7.5456
2,C,8.5453,15.8173,7.5338
2,C,8.5640,15.8427,7.5227
2,C,8.5826,15.8682,7.5122
2,C,8.6013,15.8938,7.5023
2,C,8.6199,15.9194,7.4931
2,C,8.6386,15.9451,7.4845
2,C,8.6573,15.9708,7.4765
2,C,8.6759,15.9967,7.4692
2,C,8.6946,16.0228,7.4625
2,C,8.7132,16.0489,7.4564
2,C,8.7319,16.0753,7.4509
2,C,8.7505,16.1018,7.4461
2,C,8.7692,16.1285,7.4418
2,C,8.7879,16.1554,7.4380
2,C,8.8065,16.1826,7.4349
2,C,8.8252,16.2101,7.4323
2,C,8.8438,16.2378,7.4301
2,C,8.8625,16.2658,7.4285
2,C,8.8811,16.2941,7.4274
2,C,8.8998,16.3227,7.4268
2,C,8.9185,16.3517,7.4265
2,C,8.9371,16.3811,7.4267
2,C,8.9558,16.4108,7.4273
2,C,8.9744,16.4409,7.4283
2,C,8.9931,16.4715,7.4296
2,C,9.0118,16.5024,7.4312
2,C,9.0304,16.5339,7.4332
2,C,9.0491,16.5658,7.4354
2,C,9.0677,16.5981,7.4378
2,C,9.0864,16.6310,7.4404
2,C,9.1050,16.6644,7.4433
2,C,9.1237,16.6982,7.4463
2,C,9.1424,16.7327,7.4494
2,C,9.1610,16.7676,7.4526
2,C,9.1797,16.8031,7.4559
2,C,9.1983,16.8392,7.4593
2,C,9.2170,16.8758,7.4627
2,C,9.2356,16.9131,7.4661
2,C,9.2543,16.9509,7.4694
2,C,9.2730,16.9893,7.4728
2,C,9.2916,17.0283,7.4760
2,C,9.3103,17.0679,7.4791
2,C,9.3289,17.1080,7.4821
2,C,9.3476,17.1488,7.4850
2,C,9.3663,17.1902,7.4876
2,C,9.3849,17.2322,7.4901
2,C,9.4036,17.2748,7.4924
2,C,9.4222,17.3180,7.4944
2,C,9.4409,17.3618,7.4962
2,C,9.4595,17.4061,7.4978
2,C,9.4782,17.4510,7.4990
2,C,9.4969,17.4965,7.4999
2,C,9.5155,17.5425,7.5006
2,C,9.5342,17.5891,7.5009
2,C,9.5528,17.6361,7.5009
2,C,9.5715,17.6837,7.5005
2,C,9.5901,17.7317,7.4998
2,C,9.6088,17.7802,7.4987
2,C,9.6275,17.8291,7.4973
2,C,9.6461,17.8784,7.4955
2,C,9.6648,17.9281,7.4933
2,C,9.6834,17.9782,7.4908
2,C,9.7021,18.0286,7.4878
2,C,9.7208,18.0793,7.4846
2,C,9.7394,18.1303,7.4809
2,C,9.7581,18.1815,7.4769
2,C,9.7767,18.2330,7.4726
2,C,9.7954,18.2846,7.4679
2,C,9.8140,18.3364,7.4628
2,C,9.8327,18.3882,7.4574
2,C,9.8514,18.4402,7.4517
2,C,9.8700,18.4922,7.4456
2,C,9.8887,18.5442,7.4393
2,C,9.9073,18.5962,7.4326
2,C,9.9260,18.6481,7.4256
2,C,9.9446,18.6999,7.4184
2,C,9.9633,18.7516,7.4109
2,C,9.9820,18.8031,7.4031
2,C,10.0006,18.8544,7.3951
2,C,10.0193,18.9054,7.3868
2,C,10.0379,18.9562,7.3783
2,C,10.0566,19.0066,7.3696
2,C,10.0753,19.0566,7.3608
2,C,10.0939,19.1063,7.3517
2,C,10.1126,19.1555,7.3425
2,C,10.1312,19.2042,7.3332
2,C,10.1499,19.2525,7.3237
2,C,10.1685,19.3001,7.3141
2,C,10.1872,19.3472,7.3045
2,C,10.2059,19.3937,7.2947
2,C,10.2245,19.4395,7.2849
2,C,10.2432,19.4846,7.2751
2,C,10.2618,19.5291,7.2652
2,C,10.2805,19.5727,7.2553
2,C,10.2991,19.6156,7.2454
2,C,10.3178,19.6576,7.2356
2,C,10.3365,19.6988,7.2257
2,C,10.3551,19.7391,7.2160
2,C,10.3738,19.7786,7.2063
2,C,10.3924,19.8170,7.1967
2,C,10.4111,19.8546,7.1872
2,C,10.4298,19.8911,7.1778
2,C,10.4484,19.9267,7.1686
2,C,10.4671,19.9612,7.1595
2,C,10.4857,19.9947,7.1506
2,C,10.5044,20.0271,7.1418
2,C,10.5230,20.0585,7.1333
2,C,10.5417,20.0887,7.1249
2,C,10.5604,20.1179,7.1168
2,C,10.5790,20.1459,7.1089
2,C,10.5977,20.1728,7.1012
2,C,10.6163,20.1985,7.0938
2,C,10.6350,20.2232,7.0866
2,C,10.6536,20.2466,7.0797
2,C,10.6723,20.2690,7.0731
2,C,10.6910,20.2901,7.0668
2,C,10.7096,20.3102,7.0607
2,C,10.7283,20.3291,7.0550
2,C,10.7469,20.3468,7.0495
2,C,10.7656,20.3635,7.0444
2,C,10.7842,20.3790,7.0395
2,C,10.8029,20.3934,7.0350
2,C,10.8216,20.4068,7.0308
2,C,10.8402,20.4191,7.0268
2,C,10.8589,20.4303,7.0232
2,C,10.8775,20.4406,7.0199
2,C,10.8962,20.4498,7.0169
2,C,10.9149,20.4582,7.0141
2,C,10.9335,20.4656,7.0117
2,C,10.9522,20.4721,7.0095
2,C,10.9708,20.4778,7.0076
2,C,10.9895,20.4827,7.0060
2,C,11.0081,20.4868,7.0045
2,C,11.0268,20.4903,7.0034
2,C,11.0455,20.4931,7.0024
2,C,11.0641,20.4953,7.0016
2,C,11.0828,20.4970,7.0010
2,C,11.1014,20.4983,7.0006
2,C,11.1201,20.4991,7.0003
2,C,11.1387,20.4996,7.0001
2,C,11.1574,20.4999,7.0000
2,C,11.1761,20.5000,7.0000
2,C,11.1947,20.5000,7.0000
2,D,0.0000,1.5000,7.0000
2,D,0.0207,1.5000,7.0000
2,D,0.0414,1.5000,7.0000
2,D,0.0621,1.5001,7.0000
2,D,0.0828,1.5002,7.0000
2,D,0.1035,1.5005,7.0000
2,D,0.1242,1.5008,6.9999
2,D,0.1450,1.5012,6.9999
2,D,0.1657,1.5018,6.9998
2,D,0.1864,1.5026,6.9997
2,D,0.2071,1.5036,6.9996
2,D,0.2278,1.5048,6.9995
2,D,0.2485,1.5062,6.9993
2,D,0.2692,1.5079,6.9991
2,D,0.2899,1.5099,6.9989
2,D,0.3106,1.5122,6.9987
2,D,0.3313,1.5148,6.9984
2,D,0.3520,1.5177,6.9981
2,D,0.3727,1.5210,6.9977
2,D,0.3934,1.5247,6.9973
2,D,0.4141,1.5288,6.9968
2,D,0.4349,1.5334,6.9963
2,D,0.4556,1.5384,6.9958
2,D,0.4763,1.5438,6.9952
2,D,0.4970,1.5498,6.9945
2,D,0.5177,1.5563,6.9938
2,D,0.5384,1.5633,6.9930
2,D,0.5591,1.5709,6.9922
2,D,0.5798,1.5791,6.9913
2,D,0.6005,1.5879,6.9903
2,D,0.6212,1.5973,6.9893
2,D,0.6419,1.6073,6.9882
2,D,0.6626,1.6181,6.9870
2,D,0.6833,1.6295,6.9857
2,D,0.7041,1.6416,6.9844
2,D,0.7248,1.6545,6.9830
2,D,0.7455,1.6681,6.9815
2,D,0.7662,1.6825,6.9799
2,D,0.7869,1.6976,6.9782
2,D,0.8076,1.7134,6.9765
2,D,0.8283,1.7300,6.9746
2,D,0.8490,1.7473,6.9727
2,D,0.8697,1.7653,6.9707
2,D,0.8904,1.7840,6.9686
2,D,0.9111,1.8034,6.9664
2,D,0.9318,1.8235,6.9642
2,D,0.9525,1.8443,6.9618
2,D,0.9733,1.8657,6.9594
2,D,0.9940,1.8877,6.9568
2,D,1.0147,1.9104,6.9542
2,D,1.0354,1.9337,6.9515
2,D,1.0561,1.9576,6.9487
2,D,1.0768,1.9822,6.9459
2,D,1.0975,2.0073,6.9429
2,D,1.1182,2.0331,6.9398
2,D,1.1389,2.0594,6.9367
2,D,1.1596,2.0863,6.9335
2,D,1.1803,2.1137,6.9301
2,D,1.2010,2.1417,6.9267
2,D,1.2217,2.1703,6.9232
2,D,1.2424,2.1994,6.9196
2,D,1.2632,2.2290,6.9160
2,D,1.2839,2.2591,6.9122
2,D,1.3046,2.2897,6.9083
2,D,1.3253,2.3208,6.9044
2,D,1.3460,2.3524,6.9003
2,D,1.3667,2.3845,6.8962
2,D,1.3874,2.4170,6.8920
2,D,1.4081,2.4500,6.8876
2,D,1.4288,2.4834,6.8832
2,D,1.4495,2.5173,6.8787
2,D,1.4702,2.5516,6.8741
2,D,1.4909,2.5863,6.8694
2,D,1.5116,2.6214,6.8647
2,D,1.5324,2.6568,6.8598
2,D,1.5531,2.6926,6.8549
2,D,1.5738,2.7288,6.8499
2,D,1.5945,2.7652,6.8448
2,D,1.6152,2.8020,6.8397
2,D,1.6359,2.8390,6.8345
2,D,1.6566,2.8763,6.8293
2,D,1.6773,2.9139,6.8240
2,D,1.6980,2.9516,6.8186
2,D,1.7187,2.9895,6.8133
2,D,1.7394,3.0277,6.8079
2,D,1.7601,3.0660,6.8025
2,D,1.7808,3.1044,6.7970
2,D,1.8016,3.1429,6.7915
2,D,1.8223,3.1816,6.7861
2,D,1.8430,3.2203,6.7806
2,D,1.8637,3.2591,6.7751
2,D,1.8844,3.2979,6.7696
2,D,1.9051,3.3367,6.7641
2,D,1.9258,3.3756,6.7587
2,D,1.9465,3.4144,6.7532
2,D,1.9672,3.4532,6.7478
2,D,1.9879,3.4920,6.7424
2,D,2.0086,3.5307,6.7370
2,D,2.0293,3.5693,6.7317
2,D,2.0500,3.6077,6.7264
2,D,2.0707,3.6461,6.7211
2,D,2.0915,3.6843,6.7159
2,D,2.1122,3.7223,6.7108
2,D,2.1329,3.7601,6.7057
2,D,2.1536,3.7977,6.7007
2,D,2.1743,3.8351,6.6958
2,D,2.1950,3.8723,6.6909
2,D,2.2157,3.9091,6.6861
2,D,2.2364,3.9457,6.6814
2,D,2.2571,3.9821,6.6768
2,D,2.2778,4.0181,6.6723
2,D,2.2985,4.0538,6.6680
2,D,2.3192,4.0893,6.6638
2,D,2.3399,4.1244,6.6597
2,D,2.3607,4.1592,6.6559
2,D,2.3814,4.1937,6.6521
2,D,2.4021,4.2279,6.6486
2,D,2.4228,4.2617,6.6453
2,D,2.4435,4.2952,6.6422
2,D,2.4642,4.3283,6.6393
2,D,2.4849,4.3610,6.6367
2,D,2.5056,4.3934,6.6343
2,D,2.5263,4.4255,6.6321
2,D,2.5470,4.4571,6.6303
2,D,2.5677,4.4884,6.6287
2,D,2.5884,4.5192,6.6274
2,D,2.6091,4.5497,6.6264
2,D,2.6299,4.5797,6.6257
2,D,2.6506,4.6094,6.6254
2,D,2.6713,4.6386,6.6254
2,D,2.6920,4.6673,6.6258
2,D,2.7127,4.6957,6.6265
2,D,2.7334,4.7236,6.6277
2,D,2.7541,4.7510,6.6292
2,D,2.7748,4.7780,6.6311
2,D,2.7955,4.8045,6.6334
2,D,2.8162,4.8305,6.6362
2,D,2.8369,4.8561,6.6394
2,D,2.8576,4.8812,6.6430
2,D,2.8783,4.9057,6.6471
2,D,2.8990,4.9298,6.6517
2,D,2.9198,4.9534,6.6568
2,D,2.9405,4.9764,6.6624
2,D,2.9612,4.9990,6.6685
2,D,2.9819,5.0211,6.6751
2,D,3.0026,5.0427,6.6823
2,D,3.0233,5.0639,6.6901
2,D,3.0440,5.0848,6.6984
2,D,3.0647,5.1053,6.7074
2,D,3.0854,5.1254,6.7170
2,D,3.1061,5.1453,6.7273
2,D,3.1268,5.1648,6.7383
2,D,3.1475,5.1841,6.7500
2,D,3.1682,5.2032,6.7624
2,D,3.1890,5.2221,6.7756
2,D,3.2097,5.2409,6.7895
2,D,3.2304,5.2595,6.8042
2,D,3.2511,5.2779,6.8197
2,D,3.2718,5.2963,6.8360
2,D,3.2925,5.3147,6.8532
2,D,3.3132,5.3330,6.8712
2,D,3.3339,5.3513,6.8902
2,D,3.3546,5.3696,6.9100
2,D,3.3753,5.3879,6.9308
2,D,3.3960,5.4064,6.9525
2,D,3.4167,5.4249,6.9752
2,D,3.4374,5.4436,6.9989
2,D,3.4582,5.4625,7.0236
2,D,3.4789,5.4815,7.0493
2,D,3.4996,5.5008,7.0761
2,D,3.5203,5.5202,7.1040
2,D,3.5410,5.5400,7.1329
2,D,3.5617,5.5600,7.1630
2,D,3.5824,5.5804,7.1942
2,D,3.6031,5.6011,7.2266
2,D,3.6238,5.6223,7.2601
2,D,3.6445,5.6438,7.2948
2,D,3.6652,5.6657,7.3308
2,D,3.6859,5.6881,7.3679
2,D,3.7066,5.7110,7.4061
2,D,3.7273,5.7343,7.4453
2,D,3.7481,5.7581,7.4854
2,D,3.7688,5.7825,7.5263
2,D,3.7895,5.8073,7.5679
2,D,3.8102,5.8327,7.6101
2,D,3.8309,5.8586,7.6529
2,D,3.8516,5.8851,7.6960
2,D,3.8723,5.9122,7.7396
2,D,3.8930,5.9399,7.7833
2,D,3.9137,5.9681,7.8272
2,D,3.9344,5.9970,7.8712
2,D,3.9551,6.0265,7.9151
2,D,3.9758,6.0566,7.9589
2,D,3.9965,6.0874,8.0025
2,D,4.0173,6.1188,8.0457
2,D,4.0380,6.1510,8.0886
2,D,4.0587,6.1838,8.1309
2,D,4.0794,6.2173,8.1726
2,D,4.1001,6.2515,8.2137
2,D,4.1208,6.2865,8.2539
2,D,4.1415,6.3222,8.2933
2,D,4.1622,6.3587,8.3317
2,D,4.1829,6.3960,8.3690
2,D,4.2036,6.4340,8.4052
2,D,4.2243,6.4729,8.4401
2,D,4.2450,6.5125,8.4737
2,D,4.2657,6.5530,8.5058
2,D,4.2864,6.5943,8.5364
2,D,4.3072,6.6365,8.5654
2,D,4.3279,6.6795,8.5926
2,D,4.3486,6.7235,8.6181
2,D,4.3693,6.7683,8.6416
2,D,4.3900,6.8140,8.6631
2,D,4.4107,6.8606,8.6826
2,D,4.4314,6.9081,8.7001
2,D,4.4521,6.9564,8.7155
2,D,4.4728,7.0055,8.7290
2,D,4.4935,7.0554,8.7406
2,D,4.5142,7.1060,8.7503
2,D,4.5349,7.1573,8.7581
2,D,4.5556,7.2092,8.7642
2,D,4.5764,7.2617,8.7684
2,D,4.5971,7.3148,8.7710
2,D,4.6178,7.3684,8.7718
2,D,4.6385,7.4225,8.7710
2,D,4.6592,7.4770,8.7685
2,D,4.6799,7.5320,8.7644
2,D,4.7006,7.5873,8.7588
2,D,4.7213,7.6430,8.7517
2,D,4.7420,7.6990,8.7431
2,D,4.7627,7.7552,8.7330
2,D,4.7834,7.8117,8.7216
2,D,4.8041,7.8683,8.7087
2,D,4.8248,7.9251,8.6945
2,D,4.8456,7.9820,8.6791
2,D,4.8663,8.0390,8.6623
2,D,4.8870,8.0960,8.6444
2,D,4.9077,8.1531,8.6252
2,D,4.9284,8.2100,8.6049
2,D,4.9491,8.2669,8.5835
2,D,4.9698,8.3237,8.5609
2,D,4.9905,8.3803,8.5374
2,D,5.0112,8.4367,8.5128
2,D,5.0319,8.4929,8.4873
2,D,5.0526,8.5489,8.4608
2,D,5.0733,8.6045,8.4334
2,D,5.0940,8.6598,8.4052
2,D,5.1147,8.7146,8.3761
2,D,5.1355,8.7691,8.3463
2,D,5.1562,8.8232,8.3157
2,D,5.1769,8.8768,8.2844
2,D,5.1976,8.9300,8.2526
2,D,5.2183,8.9827,8.2202
2,D,5.2390,9.0350,8.1874
2,D,5.2597,9.0868,8.1542
2,D,5.2804,9.1382,8.1206
2,D,5.3011,9.1891,8.0868
2,D,5.3218,9.2396,8.0527
2,D,5.3425,9.2895,8.0185
2,D,5.3632,9.3390,7.9843
2,D,5.3839,9.3880,7.9501
2,D,5.4047,9.4366,7.9159
2,D,5.4254,9.4846,7.8818
2,D,5.4461,9.5322,7.8479
2,D,5.4668,9.5792,7.8143
2,D,5.4875,9.6257,7.7810
2,D,5.5082,9.6718,7.7481
2,D,5.5289,9.7173,7.7157
2,D,5.5496,9.7622,7.6837
2,D,5.5703,9.8067,7.6524
2,D,5.5910,9.8506,7.6217
2,D,5.6117,9.8940,7.5917
2,D,5.6324,9.9369,7.5625
2,D,5.6531,9.9792,7.5341
2,D,5.6739,10.0209,7.5067
2,D,5.6946,10.0621,7.4802
2,D,5.7153,10.1028,7.4548
2,D,5.7360,10.1428,7.4305
2,D,5.7567,10.1823,7.4073
2,D,5.7774,10.2213,7.3854
2,D,5.7981,10.2596,7.3649
2,D,5.8188,10.2974,7.3456
2,D,5.8395,10.3346,7.3278
2,D,5.8602,10.3711,7.3116
2,D,5.8809,10.4071,7.2968
2,D,5.9016,10.4425,7.2835
2,D,5.9223,10.4774,7.2717
2,D,5.9430,10.5117,7.2612
2,D,5.9638,10.5455,7.2523
2,D,5.9845,10.5787,7.2446
2,D,6.0052,10.6115,7.2384
2,D,6.0259,10.6438,7.2334
2,D,6.0466,10.6756,7.2298
2,D,6.0673,10.7069,7.2274
2,D,6.0880,10.7378,7.2263
2,D,6.1087,10.7683,7.2265
2,D,6.1294,10.7983,7.2278
2,D,6.1501,10.8279,7.2303
2,D,6.1708,10.8572,7.2339
2,D,6.1915,10.8860,7.2387
2,D,6.2122,10.9146,7.2446
2,D,6.2330,10.9427,7.2515
2,D,6.2537,10.9705,7.2595
2,D,6.2744,10.9981,7.2685
2,D,6.2951,11.0253,7.2785
2,D,6.3158,11.0522,7.2894
2,D,6.3365,11.0788,7.3013
2,D,6.3572,11.1052,7.3142
2,D,6.3779,11.1313,7.3279
2,D,6.3986,11.1572,7.3424
2,D,6.4193,11.1828,7.3579
2,D,6.4400,11.2083,7.3741
2,D,6.4607,11.2336,7.3911
2,D,6.4814,11.2587,7.4089
2,D,6.5022,11.2836,7.4274
2,D,6.5229,11.3084,7.4466
2,D,6.5436,11.3330,7.4665
2,D,6.5643,11.3575,7.4871
2,D,6.5850,11.3819,7.5083
2,D,6.6057,11.4063,7.5301
2,D,6.6264,11.4305,7.5525
2,D,6.6471,11.4547,7.5754
2,D,6.6678,11.4788,7.5987
2,D,6.6885,11.5029,7.6225
2,D,6.7092,11.5269,7.6467
2,D,6.7299,11.5510,7.6712
2,D,6.7506,11.5750,7.6960
2,D,6.7713,11.5990,7.7211
2,D,6.7921,11.6231,7.7465
2,D,6.8128,11.6472,7.7720
2,D,6.8335,11.6714,7.7976
2,D,6.8542,11.6956,7.8233
2,D,6.8749,11.7199,7.8491
2,D,6.8956,11.7443,7.8749
2,D,6.9163,11.7688,7.9007
2,D,6.9370,11.7934,7.9264
2,D,6.9577,11.8182,7.9519
2,D,6.9784,11.8431,7.9774
2,D,6.9991,11.8682,8.0026
2,D,7.0198,11.8934,8.0276
2,D,7.0405,11.9188,8.0522
2,D,7.0613,11.9444,8.0766
2,D,7.0820,11.9702,8.1006
2,D,7.1027,11.9963,8.1242
2,D,7.1234,12.0226,8.1473
2,D,7.1441,12.0491,8.1699
2,D,7.1648,12.0759,8.1920
2,D,7.1855,12.1030,8.2136
2,D,7.2062,12.1303,8.2345
2,D,7.2269,12.1580,8.2547
2,D,7.2476,12.1860,8.2742
2,D,7.2683,12.2143,8.2930
2,D,7.2890,12.2430,8.3110
2,D,7.3097,12.2720,8.3281
2,D,7.3304,12.3014,8.3444
2,D,7.3512,12.3312,8.3598
2,D,7.3719,12.3613,8.3744
2,D,7.3926,12.3918,8.3881
2,D,7.4133,12.4227,8.4009
2,D,7.4340,12.4540,8.4129
2,D,7.4547,12.4857,8.4240
2,D,7.4754,12.5177,8.4343
2,D,7.4961,12.5501,8.4438
2,D,7.5168,12.5830,8.4524
2,D,7.5375,12.6162,8.4602
2,D,7.5582,12.6498,8.4672
2,D,7.5789,12.6839,8.4733
2,D,7.5996,12.7183,8.4786
2,D,7.6204,12.7531,8.4831
2,D,7.6411,12.7884,8.4868
2,D,7.6618,12.8240,8.4897
2,D,7.6825,12.8601,8.4918
2,D,7.7032,12.8966,8.4931
2,D,7.7239,12.9335,8.4936
2,D,7.7446,12.9708,8.4934
2,D,7.7653,13.0086,8.4923
2,D,7.7860,13.0467,8.4904
2,D,7.8067,13.0853,8.4878
2,D,7.8274,13.1244,8.4844
2,D,7.8481,13.1638,8.4803
2,D,7.8688,13.2037,8.4753
2,D,7.8896,13.2441,8.4697
2,D,7.9103,13.2849,8.4632
2,D,7.9310,13.3261,8.4560
2,D,7.9517,13.3678,8.4481
2,D,7.9724,13.4099,8.4394
2,D,7.9931,13.4525,8.4300
2,D,8.0138,13.4956,8.4199
2,D,8.0345,13.5391,8.4090
2,D,8.0552,13.5830,8.3974
2,D,8.0759,13.6274,8.3851
2,D,8.0966,13.6723,8.3721
2,D,8.1173,13.7176,8.3585
2,D,8.1380,13.7633,8.3442
2,D,8.1587,13.8095,8.3292
2,D,8.1795,13.8561,8.3137
2,D,8.2002,13.9031,8.2976
2,D,8.2209,13.9505,8.2810
2,D,8.2416,13.9983,8.2638
2,D,8.2623,14.0465,8.2460
2,D,8.2830,14.0951,8.2278
2,D,8.3037,14.1440,8.2091
2,D,8.3244,14.1934,8.1900
2,D,8.3451,14.2431,8.1704
2,D,8.3658,14.2931,8.1505
2,D,8.3865,14.3435,8.1301
2,D,8.4072,14.3943,8.1094
2,D,8.4279,14.4454,8.0883
2,D,8.4487,14.4968,8.0669
2,D,8.4694,14.5486,8.0452
2,D,8.4901,14.6007,8.0232
2,D,8.5108,14.6530,8.0010
2,D,8.5315,14.7057,7.9785
2,D,8.5522,14.7587,7.9558
2,D,8.5729,14.8120,7.9329
2,D,8.5936,14.8655,7.9099
2,D,8.6143,14.9194,7.8867
2,D,8.6350,14.9735,7.8633
2,D,8.6557,15.0278,7.8398
2,D,8.6764,15.0824,7.8163
2,D,8.6971,15.1373,7.7927
2,D,8.7179,15.1924,7.7690
2,D,8.7386,15.2478,7.7453
2,D,8.7593,15.3033,7.7216
2,D,8.7800,15.3591,7.6980
2,D,8.8007,15.4151,7.6743
2,D,8.8214,15.4713,7.6507
2,D,8.8421,15.5277,7.6272
2,D,8.8628,15.5842,7.6037
2,D,8.8835,15.6409,7.5803
2,D,8.9042,15.6977,7.5570
2,D,8.9249,15.7547,7.5338
2,D,8.9456,15.8117,7.5108
2,D,8.9663,15.8688,7.4878
2,D,8.9870,15.9260,7.4650
2,D,9.0078,15.9833,7.4423
2,D,9.0285,16.0406,7.4198
2,D,9.0492,16.0979,7.3975
2,D,9.0699,16.1552,7.3754
2,D,9.0906,16.2125,7.3534
2,D,9.1113,16.2698,7.3317
2,D,9.1320,16.3271,7.3101
2,D,9.1527,16.3843,7.2889
2,D,9.1734,16.4414,7.2678
2,D,9.1941,16.4985,7.2470
2,D,9.2148,16.5554,7.2265
2,D,9.2355,16.6122,7.2062
2,D,9.2562,16.6689,7.1863
2,D,9.2770,16.7255,7.1666
2,D,9.2977,16.7819,7.1473
2,D,9.3184,16.8381,7.1282
2,D,9.3391,16.8941,7.1095
2,D,9.3598,16.9500,7.0912
2,D,9.3805,17.0056,7.0732
2,D,9.4012,17.0609,7.0556
2,D,9.4219,17.1160,7.0383
2,D,9.4426,17.1709,7.0215
2,D,9.4633,17.2254,7.0050
2,D,9.4840,17.2797,6.9890
2,D,9.5047,17.3336,6.9734
2,D,9.5254,17.3872,6.9582
2,D,9.5462,17.4405,6.9435
2,D,9.5669,17.4934,6.9292
2,D,9.5876,17.5460,6.9153
2,D,9.6083,17.5982,6.9019
2,D,9.6290,17.6500,6.8889
2,D,9.6497,17.7015,6.8763
2,D,9.6704,17.7527,6.8641
2,D,9.6911,17.8034,6.8523
2,D,9.7118,17.8538,6.8410
2,D,9.7325,17.9038,6.8300
2,D,9.7532,17.9533,6.8195
2,D,9.7739,18.0025,6.8094
2,D,9.7946,18.0513,6.7997
2,D,9.8153,18.0996,6.7904
2,D,9.8361,18.1476,6.7815
2,D,9.8568,18.1951,6.7729
2,D,9.8775,18.2422,6.7648
2,D,9.8982,18.2888,6.7571
2,D,9.9189,18.3350,6.7497
2,D,9.9396,18.3808,6.7428
2,D,9.9603,18.4261,6.7362
2,D,9.9810,18.4709,6.7300
2,D,10.0017,18.5153,6.7242
2,D,10.0224,18.5592,6.7188
2,D,10.0431,18.6026,6.7138
2,D,10.0638,18.6455,6.7091
2,D,10.0845,18.6880,6.7048
2,D,10.1053,18.7299,6.7009
2,D,10.1260,18.7713,6.6973
2,D,10.1467,18.8123,6.6941
2,D,10.1674,18.8527,6.6912
2,D,10.1881,18.8926,6.6887
2,D,10.2088,18.9320,6.6866
2,D,10.2295,18.9708,6.6848
2,D,10.2502,19.0091,6.6834
2,D,10.2709,19.0469,6.6823
2,D,10.2916,19.0841,6.6816
2,D,10.3123,19.1208,6.6811
2,D,10.3330,19.1569,6.6810
2,D,10.3537,19.1925,6.6812
2,D,10.3745,19.2276,6.6817
2,D,10.3952,19.2622,6.6825
2,D,10.4159,19.2962,6.6836
2,D,10.4366,19.3297,6.6850
2,D,10.4573,19.3626,6.6866
2,D,10.4780,19.3951,6.6885
2,D,10.4987,19.4270,6.6906
2,D,10.5194,19.4583,6.6930
2,D,10.5401,19.4892,6.6956
2,D,10.5608,19.5195,6.6984
2,D,10.5815,19.5493,6.7014
2,D,10.6022,19.5785,6.7047
2,D,10.6229,19.6073,6.7081
2,D,10.6436,19.6355,6.7118
2,D,10.6644,19.6632,6.7156
2,D,10.6851,19.6904,6.7196
2,D,10.7058,19.7170,6.7237
2,D,10.7265,19.7431,6.7280
2,D,10.7472,19.7688,6.7325
2,D,10.7679,19.7939,6.7371
2,D,10.7886,19.8184,6.7418
2,D,10.8093,19.8425,6.7466
2,D,10.8300,19.8661,6.7516
2,D,10.8507,19.8891,6.7567
2,D,10.8714,19.9116,6.7618
2,D,10.8921,19.9336,6.7671
2,D,10.9128,19.9551,6.7724
2,D,10.9336,19.9761,6.7778
2,D,10.9543,19.9966,6.7832
2,D,10.9750,20.0166,6.7887
2,D,10.9957,20.0360,6.7943
2,D,11.0164,20.0550,6.7999
2,D,11.0371,20.0735,6.8055
2,D,11.0578,20.0914,6.8111
2,D,11.0785,20.1089,6.8168
2,D,11.0992,20.1260,6.8225
2,D,11.1199,20.1425,6.8281
2,D,11.1406,20.1586,6.8338
2,D,11.1613,20.1742,6.8395
2,D,11.1820,20.1894,6.8452
2,D,11.2027,20.2041,6.8508
2,D,11.2235,20.2184,6.8564
2,D,11.2442,20.2322,6.8620
2,D,11.2649,20.2456,6.8676
2,D,11.2856,20.2586,6.8731
2,D,11.3063,20.2711,6.8785
2,D,11.3270,20.2832,6.8839
2,D,11.3477,20.2950,6.8892
2,D,11.3684,20.3063,6.8945
2,D,11.3891,20.3172,6.8997
2,D,11.4098,20.3277,6.9048
2,D,11.4305,20.3378,6.9098
2,D,11.4512,20.3476,6.9147
2,D,11.4719,20.3570,6.9195
2,D,11.4927,20.3660,6.9241
2,D,11.5134,20.3746,6.9287
2,D,11.5341,20.3829,6.9332
2,D,11.5548,20.3908,6.9375
2,D,11.5755,20.3983,6.9416
2,D,11.5962,20.4056,6.9457
2,D,11.6169,20.4124,6.9496
2,D,11.6376,20.4190,6.9533
2,D,11.6583,20.4252,6.9569
2,D,11.6790,20.4311,6.9603
2,D,11.6997,20.4367,6.9635
2,D,11.7204,20.4420,6.9665
2,D,11.7411,20.4469,6.9694
2,D,11.7619,20.4516,6.9721
2,D,11.7826,20.4560,6.9746
2,D,11.8033,20.4601,6.9770
2,D,11.8240,20.4640,6.9792
2,D,11.8447,20.4676,6.9813
2,D,11.8654,20.4709,6.9832
2,D,11.8861,20.4740,6.9850
2,D,11.9068,20.4769,6.9867
2,D,11.9275,20.4796,6.9882
2,D,11.9482,20.4820,6.9896
2,D,11.9689,20.4843,6.9909
2,D,11.9896,20.4863,6.9921
2,D,12.0103,20.4882,6.9932
2,D,12.0310,20.4899,6.9942
2,D,12.0518,20.4914,6.9950
2,D,12.0725,20.4927,6.9958
2,D,12.0932,20.4940,6.9965
2,D,12.1139,20.4950,6.9971
2,D,12.1346,20.4959,6.9977
2,D,12.1553,20.4968,6.9981
2,D,12.1760,20.4974,6.9985
2,D,12.1967,20.4980,6.9989
2,D,12.2174,20.4985,6.9991
2,D,12.2381,20.4989,6.9994
2,D,12.2588,20.4992,6.9996
2,D,12.2795,20.4995,6.9997
2,D,12.3002,20.4997,6.9998
2,D,12.3210,20.4998,6.9999
2,D,12.3417,20.4999,6.9999
2,D,12.3624,20.5000,7.0000
2,D,12.3831,20.5000,7.0000
2,D,12.4038,20.5000,7.0000
2,D,12.4245,20.5000,7.0000
